remote 0.028405 R FIFO 0x45 | 0xe1 | 0x00 | 0x0b | 0xff | 0xf2 | 0x00 | 0x09 | 0x00 | 0x15 | 0xff | 0xe6 | 0x03 | 0xf8 | 0x2a | 0x00 | 0xfb
remote 0.068366 R FIFO 0x45 | 0xe1 | 0x00 | 0x0b | 0xff | 0xf2 | 0x00 | 0x09 | 0x00 | 0x13 | 0xff | 0xe6 | 0x03 | 0xf8 | 0x2a | 0x00 | 0xfd
remote 0.109310 R FIFO 0x45 | 0xe1 | 0x00 | 0x0b | 0xff | 0xf2 | 0x00 | 0x09 | 0x00 | 0x16 | 0xff | 0xe7 | 0x03 | 0xf6 | 0x2a | 0x00 | 0xfb
remote 0.148435 R FIFO 0x45 | 0xe1 | 0x00 | 0x0b | 0xff | 0xf2 | 0x00 | 0x09 | 0x00 | 0x13 | 0xff | 0xe6 | 0x03 | 0xf9 | 0x2a | 0x00 | 0xfc
remote 0.188496 R FIFO 0x45 | 0xe1 | 0x00 | 0x0b | 0xff | 0xf2 | 0x00 | 0x09 | 0x00 | 0x14 | 0xff | 0xe5 | 0x03 | 0xf7 | 0x2a | 0x00 | 0xfe
remote 0.228454 R FIFO 0x45 | 0xe1 | 0x00 | 0x0b | 0xff | 0xf2 | 0x00 | 0x09 | 0x00 | 0x12 | 0xff | 0xe5 | 0x03 | 0xfa | 0x2a | 0x00 | 0xfd
remote 0.268373 R FIFO 0x45 | 0xe1 | 0x00 | 0x0b | 0xff | 0xf2 | 0x00 | 0x09 | 0x00 | 0x15 | 0xff | 0xe6 | 0x03 | 0xf6 | 0x2a | 0x00 | 0xfd
remote 0.309249 R FIFO 0x45 | 0xe1 | 0x00 | 0x0b | 0xff | 0xf2 | 0x00 | 0x09 | 0x00 | 0x14 | 0xff | 0xe6 | 0x03 | 0xf8 | 0x2a | 0x00 | 0xfc
remote 0.349378 R FIFO 0x45 | 0xe1 | 0x00 | 0x0b | 0xff | 0xf2 | 0x00 | 0x09 | 0x00 | 0x16 | 0xff | 0xe7 | 0x03 | 0xf8 | 0x2a | 0x00 | 0xf9
remote 0.388465 R FIFO 0x45 | 0xe1 | 0x00 | 0x0b | 0xff | 0xf2 | 0x00 | 0x09 | 0x00 | 0x13 | 0xff | 0xe6 | 0x03 | 0xfa | 0x2a | 0x00 | 0xfb
remote 0.428437 R FIFO 0x45 | 0xe1 | 0x00 | 0x0b | 0xff | 0xf2 | 0x00 | 0x09 | 0x00 | 0x13 | 0xff | 0xe5 | 0x03 | 0xf6 | 0x2a | 0x00 | 0x00
remote 0.468443 R FIFO 0x45 | 0xe1 | 0x00 | 0x0b | 0xff | 0xf2 | 0x00 | 0x09 | 0x00 | 0x13 | 0xff | 0xe5 | 0x03 | 0xf8 | 0x2a | 0x00 | 0xfe
remote 0.508475 R FIFO 0x45 | 0xe1 | 0x00 | 0x0b | 0xff | 0xf2 | 0x00 | 0x09 | 0x00 | 0x14 | 0xff | 0xe6 | 0x03 | 0xf6 | 0x2a | 0x00 | 0xfe
remote 0.549262 R FIFO 0x45 | 0xe1 | 0x00 | 0x0b | 0xff | 0xf2 | 0x00 | 0x09 | 0x00 | 0x16 | 0xff | 0xe7 | 0x03 | 0xf7 | 0x2a | 0x00 | 0xfa
remote 0.588493 R FIFO 0x45 | 0xe1 | 0x00 | 0x0b | 0xff | 0xf2 | 0x00 | 0x09 | 0x00 | 0x14 | 0xff | 0xe6 | 0x03 | 0xf8 | 0x2a | 0x00 | 0xfc
remote 0.628436 R FIFO 0x45 | 0xe1 | 0x00 | 0x0b | 0xff | 0xf2 | 0x00 | 0x09 | 0x00 | 0x15 | 0xff | 0xe6 | 0x03 | 0xf8 | 0x2a | 0x00 | 0xfb
remote 0.668548 R FIFO 0x45 | 0xe1 | 0x00 | 0x0b | 0xff | 0xf2 | 0x00 | 0x09 | 0x00 | 0x12 | 0xff | 0xe5 | 0x03 | 0xfa | 0x2a | 0x00 | 0xfd
remote 0.708498 R FIFO 0x45 | 0xe1 | 0x00 | 0x0b | 0xff | 0xf2 | 0x00 | 0x09 | 0x00 | 0x14 | 0xff | 0xe6 | 0x03 | 0xf4 | 0x2a | 0x00 | 0x00
remote 0.748568 R FIFO 0x45 | 0xe1 | 0x00 | 0x0b | 0xff | 0xf2 | 0x00 | 0x09 | 0x00 | 0x13 | 0xff | 0xe5 | 0x03 | 0xf9 | 0x2a | 0x00 | 0xfd
remote 0.789394 R FIFO 0x45 | 0xe1 | 0x00 | 0x0b | 0xff | 0xf2 | 0x00 | 0x09 | 0x00 | 0x17 | 0xff | 0xe7 | 0x03 | 0xf5 | 0x2a | 0x00 | 0xfb
remote 0.828475 R FIFO 0x45 | 0xe1 | 0x00 | 0x0b | 0xff | 0xf2 | 0x00 | 0x09 | 0x00 | 0x14 | 0xff | 0xe5 | 0x03 | 0xf9 | 0x2a | 0x00 | 0xfc
remote 0.868553 R FIFO 0x45 | 0xe1 | 0x00 | 0x0b | 0xff | 0xf2 | 0x00 | 0x09 | 0x00 | 0x14 | 0xff | 0xe6 | 0x03 | 0xf8 | 0x2a | 0x00 | 0xfc
remote 0.908498 R FIFO 0x45 | 0xe1 | 0x00 | 0x0b | 0xff | 0xf2 | 0x00 | 0x09 | 0x00 | 0x14 | 0xff | 0xe5 | 0x03 | 0xfa | 0x2a | 0x00 | 0xfb
remote 0.948488 R FIFO 0x45 | 0xe1 | 0x00 | 0x0b | 0xff | 0xf2 | 0x00 | 0x09 | 0x00 | 0x14 | 0xff | 0xe6 | 0x03 | 0xf7 | 0x2a | 0x00 | 0xfd
remote 0.989424 R FIFO 0x45 | 0xe1 | 0x00 | 0x0b | 0xff | 0xf2 | 0x00 | 0x09 | 0x00 | 0x15 | 0xff | 0xe7 | 0x03 | 0xf7 | 0x2a | 0x00 | 0xfb
remote 1.029401 R FIFO 0x45 | 0xe1 | 0x00 | 0x0b | 0xff | 0xf2 | 0x00 | 0x09 | 0x00 | 0x16 | 0xff | 0xe7 | 0x03 | 0xf7 | 0x2a | 0x00 | 0xfa
remote 1.068484 R FIFO 0x45 | 0xe1 | 0x00 | 0x0b | 0xff | 0xf2 | 0x00 | 0x09 | 0x00 | 0x15 | 0xff | 0xe5 | 0x03 | 0xf8 | 0x2a | 0x00 | 0xfc
remote 1.108589 R FIFO 0x45 | 0xe1 | 0x00 | 0x0b | 0xff | 0xf2 | 0x00 | 0x09 | 0x00 | 0x13 | 0xff | 0xe6 | 0x03 | 0xfa | 0x2a | 0x00 | 0xfb
remote 1.148555 R FIFO 0x45 | 0xe1 | 0x00 | 0x0b | 0xff | 0xf2 | 0x00 | 0x09 | 0x00 | 0x14 | 0xff | 0xe6 | 0x03 | 0xf7 | 0x2a | 0x00 | 0xfd
remote 1.188526 R FIFO 0x45 | 0xe1 | 0x00 | 0x0b | 0xff | 0xf2 | 0x00 | 0x09 | 0x00 | 0x14 | 0xff | 0xe6 | 0x03 | 0xf8 | 0x2a | 0x00 | 0xfc
remote 1.229372 R FIFO 0x45 | 0xe1 | 0x00 | 0x0b | 0xff | 0xf2 | 0x00 | 0x09 | 0x00 | 0x16 | 0xff | 0xe7 | 0x03 | 0xf6 | 0x2a | 0x00 | 0xfb
remote 1.268514 R FIFO 0x45 | 0xe1 | 0x00 | 0x0b | 0xff | 0xf2 | 0x00 | 0x09 | 0x00 | 0x13 | 0xff | 0xe6 | 0x03 | 0xf9 | 0x2a | 0x00 | 0xfc
remote 1.308514 R FIFO 0x45 | 0xe1 | 0x00 | 0x0b | 0xff | 0xf2 | 0x00 | 0x09 | 0x00 | 0x14 | 0xff | 0xe6 | 0x03 | 0xf6 | 0x2a | 0x00 | 0xfe
remote 1.348578 R FIFO 0x45 | 0xe1 | 0x00 | 0x0b | 0xff | 0xf2 | 0x00 | 0x09 | 0x00 | 0x13 | 0xff | 0xe6 | 0x03 | 0xfa | 0x2a | 0x00 | 0xfb
remote 1.388574 R FIFO 0x45 | 0xe1 | 0x00 | 0x0b | 0xff | 0xf2 | 0x00 | 0x09 | 0x00 | 0x15 | 0xff | 0xe7 | 0x03 | 0xf6 | 0x2a | 0x00 | 0xfc
remote 1.428594 R FIFO 0x45 | 0xe1 | 0x00 | 0x0b | 0xff | 0xf2 | 0x00 | 0x09 | 0x00 | 0x14 | 0xff | 0xe6 | 0x03 | 0xf9 | 0x2a | 0x00 | 0xfb
remote 1.469407 R FIFO 0x45 | 0xe1 | 0x00 | 0x0b | 0xff | 0xf2 | 0x00 | 0x09 | 0x00 | 0x16 | 0xff | 0xe7 | 0x03 | 0xf6 | 0x2a | 0x00 | 0xfb
remote 1.508632 R FIFO 0x45 | 0xe1 | 0x00 | 0x0b | 0xff | 0xf2 | 0x00 | 0x09 | 0x00 | 0x14 | 0xff | 0xe5 | 0x03 | 0xf9 | 0x2a | 0x00 | 0xfc
remote 1.548629 R FIFO 0x45 | 0xe1 | 0x00 | 0x0b | 0xff | 0xf2 | 0x00 | 0x09 | 0x00 | 0x14 | 0xff | 0xe6 | 0x03 | 0xf6 | 0x2a | 0x00 | 0xfe
remote 1.588598 R FIFO 0x45 | 0xe1 | 0x00 | 0x0b | 0xff | 0xf2 | 0x00 | 0x09 | 0x00 | 0x13 | 0xff | 0xe5 | 0x03 | 0xf9 | 0x29 | 0x00 | 0xfe
remote 1.628585 R FIFO 0x45 | 0xe1 | 0x00 | 0x0b | 0xff | 0xf2 | 0x00 | 0x09 | 0x00 | 0x14 | 0xff | 0xe6 | 0x03 | 0xf6 | 0x29 | 0x00 | 0xff
remote 1.669400 R FIFO 0x45 | 0xe1 | 0x00 | 0x0b | 0xff | 0xf2 | 0x00 | 0x09 | 0x00 | 0x15 | 0xff | 0xe7 | 0x03 | 0xf8 | 0x29 | 0x00 | 0xfb
remote 1.709471 R FIFO 0x45 | 0xe1 | 0x00 | 0x0b | 0xff | 0xf2 | 0x00 | 0x09 | 0x00 | 0x14 | 0xff | 0xe7 | 0x03 | 0xfa | 0x29 | 0x00 | 0xfa
remote 1.748733 R FIFO 0x45 | 0xe1 | 0x00 | 0x0b | 0xff | 0xf2 | 0x00 | 0x09 | 0x00 | 0x14 | 0xff | 0xe6 | 0x03 | 0xf8 | 0x29 | 0x00 | 0xfd
remote 1.788715 R FIFO 0x45 | 0xe1 | 0x00 | 0x0b | 0xff | 0xf2 | 0x00 | 0x09 | 0x00 | 0x13 | 0xff | 0xe5 | 0x03 | 0xfa | 0x29 | 0x00 | 0xfd
remote 1.828737 R FIFO 0x45 | 0xe1 | 0x00 | 0x0b | 0xff | 0xf2 | 0x00 | 0x09 | 0x00 | 0x14 | 0xff | 0xe7 | 0x03 | 0xf7 | 0x29 | 0x00 | 0xfd
remote 1.868685 R FIFO 0x45 | 0xe1 | 0x00 | 0x0b | 0xff | 0xf2 | 0x00 | 0x09 | 0x00 | 0x13 | 0xff | 0xe5 | 0x03 | 0xf7 | 0x29 | 0x00 | 0x00
remote 1.909468 R FIFO 0x45 | 0xe1 | 0x00 | 0x0b | 0xff | 0xf2 | 0x00 | 0x09 | 0x00 | 0x16 | 0xff | 0xe7 | 0x03 | 0xf7 | 0x29 | 0x00 | 0xfb
remote 1.948689 R FIFO 0x45 | 0xe1 | 0x00 | 0x0b | 0xff | 0xf2 | 0x00 | 0x09 | 0x00 | 0x12 | 0xff | 0xe5 | 0x03 | 0xfa | 0x29 | 0x00 | 0xfe
remote 1.988761 R FIFO 0x45 | 0xe1 | 0x00 | 0x0b | 0xff | 0xf2 | 0x00 | 0x09 | 0x00 | 0x14 | 0xff | 0xe6 | 0x03 | 0xf6 | 0x29 | 0x00 | 0xff
remote 2.028780 R FIFO 0x45 | 0xe1 | 0x00 | 0x0b | 0xff | 0xf2 | 0x00 | 0x09 | 0x00 | 0x12 | 0xff | 0xe5 | 0x03 | 0xf9 | 0x29 | 0x00 | 0xff
remote 2.068700 R FIFO 0x45 | 0xe1 | 0x00 | 0x0b | 0xff | 0xf2 | 0x00 | 0x09 | 0x00 | 0x14 | 0xff | 0xe7 | 0x03 | 0xf4 | 0x29 | 0x00 | 0x00
remote 2.109471 R FIFO 0x45 | 0xe1 | 0x00 | 0x0b | 0xff | 0xf2 | 0x00 | 0x09 | 0x00 | 0x14 | 0xff | 0xe6 | 0x03 | 0xf8 | 0x29 | 0x00 | 0xfd
remote 2.149518 R FIFO 0x45 | 0xe1 | 0x00 | 0x0b | 0xff | 0xf2 | 0x00 | 0x09 | 0x00 | 0x16 | 0xff | 0xe6 | 0x03 | 0xf8 | 0x29 | 0x00 | 0xfb
remote 2.188820 R FIFO 0x45 | 0xe1 | 0x00 | 0x0b | 0xff | 0xf2 | 0x00 | 0x09 | 0x00 | 0x13 | 0xff | 0xe6 | 0x03 | 0xfa | 0x29 | 0x00 | 0xfc
remote 2.228773 R FIFO 0x45 | 0xe1 | 0x00 | 0x0b | 0xff | 0xf2 | 0x00 | 0x09 | 0x00 | 0x13 | 0xff | 0xe6 | 0x03 | 0xf8 | 0x29 | 0x00 | 0xfe
remote 2.268835 R FIFO 0x45 | 0xe1 | 0x00 | 0x0b | 0xff | 0xf2 | 0x00 | 0x09 | 0x00 | 0x14 | 0xff | 0xe6 | 0x03 | 0xf7 | 0x29 | 0x00 | 0xfe
remote 2.308836 R FIFO 0x45 | 0xe1 | 0x00 | 0x0b | 0xff | 0xf2 | 0x00 | 0x09 | 0x00 | 0x14 | 0xff | 0xe6 | 0x03 | 0xf9 | 0x29 | 0x00 | 0xfc
remote 2.349538 R FIFO 0x45 | 0xe1 | 0x00 | 0x0b | 0xff | 0xf2 | 0x00 | 0x09 | 0x00 | 0x15 | 0xff | 0xe7 | 0x03 | 0xf5 | 0x29 | 0x00 | 0xfe
remote 2.389521 R FIFO 0x45 | 0xe1 | 0x00 | 0x0b | 0xff | 0xf2 | 0x00 | 0x09 | 0x00 | 0x16 | 0xff | 0xe7 | 0x03 | 0xf9 | 0x29 | 0x00 | 0xf9
remote 2.428848 R FIFO 0x45 | 0xe1 | 0x00 | 0x0b | 0xff | 0xf2 | 0x00 | 0x09 | 0x00 | 0x15 | 0xff | 0xe6 | 0x03 | 0xf8 | 0x29 | 0x00 | 0xfc
remote 2.468922 R FIFO 0x45 | 0xe1 | 0x00 | 0x0b | 0xff | 0xf2 | 0x00 | 0x09 | 0x00 | 0x13 | 0xff | 0xe5 | 0x03 | 0xf9 | 0x29 | 0x00 | 0xfe
remote 2.508898 R FIFO 0x45 | 0xe1 | 0x00 | 0x0b | 0xff | 0xf2 | 0x00 | 0x09 | 0x00 | 0x14 | 0xff | 0xe7 | 0x03 | 0xf4 | 0x29 | 0x00 | 0x00
remote 2.548980 R FIFO 0x45 | 0xe1 | 0x00 | 0x0b | 0xff | 0xf2 | 0x00 | 0x09 | 0x00 | 0x13 | 0xff | 0xe6 | 0x03 | 0xf8 | 0x29 | 0x00 | 0xfe
remote 2.589577 R FIFO 0x45 | 0xe1 | 0x00 | 0x0b | 0xff | 0xf2 | 0x00 | 0x09 | 0x00 | 0x15 | 0xff | 0xe6 | 0x03 | 0xf5 | 0x29 | 0x00 | 0xff
remote 2.628967 R FIFO 0x45 | 0xe1 | 0x00 | 0x0b | 0xff | 0xf2 | 0x00 | 0x09 | 0x00 | 0x14 | 0xff | 0xe5 | 0x03 | 0xf8 | 0x28 | 0x00 | 0xff
remote 2.668970 R FIFO 0x45 | 0xe1 | 0x00 | 0x0b | 0xff | 0xf2 | 0x00 | 0x09 | 0x00 | 0x14 | 0xff | 0xe5 | 0x03 | 0xf8 | 0x28 | 0x00 | 0xff
remote 2.708927 R FIFO 0x45 | 0xe1 | 0x00 | 0x0b | 0xff | 0xf2 | 0x00 | 0x09 | 0x00 | 0x14 | 0xff | 0xe5 | 0x03 | 0xf6 | 0x28 | 0x00 | 0x01
remote 2.748902 R FIFO 0x45 | 0xe1 | 0x00 | 0x0b | 0xff | 0xf2 | 0x00 | 0x09 | 0x00 | 0x15 | 0xff | 0xe7 | 0x03 | 0xf6 | 0x28 | 0x00 | 0xfe
remote 2.789573 R FIFO 0x45 | 0xe1 | 0x00 | 0x0b | 0xff | 0xf2 | 0x00 | 0x09 | 0x00 | 0x16 | 0xff | 0xe7 | 0x03 | 0xf8 | 0x28 | 0x00 | 0xfb
remote 2.829564 R FIFO 0x45 | 0xe1 | 0x00 | 0x0b | 0xff | 0xf2 | 0x00 | 0x09 | 0x00 | 0x15 | 0xff | 0xe6 | 0x03 | 0xf9 | 0x28 | 0x00 | 0xfc
remote 2.869020 R FIFO 0x45 | 0xe1 | 0x00 | 0x0b | 0xff | 0xf2 | 0x00 | 0x09 | 0x00 | 0x14 | 0xff | 0xe5 | 0x03 | 0xf8 | 0x28 | 0x00 | 0xff
remote 2.909047 R FIFO 0x45 | 0xe1 | 0x00 | 0x0b | 0xff | 0xf2 | 0x00 | 0x09 | 0x00 | 0x13 | 0xff | 0xe5 | 0x03 | 0xfa | 0x28 | 0x00 | 0xfe
remote 2.949028 R FIFO 0x45 | 0xe1 | 0x00 | 0x0b | 0xff | 0xf2 | 0x00 | 0x09 | 0x00 | 0x13 | 0xff | 0xe5 | 0x03 | 0xf8 | 0x28 | 0x00 | 0x00
remote 2.989012 R FIFO 0x45 | 0xe1 | 0x00 | 0x0b | 0xff | 0xf2 | 0x00 | 0x09 | 0x00 | 0x13 | 0xff | 0xe6 | 0x03 | 0xf8 | 0x28 | 0x00 | 0xff
remote 3.029553 R FIFO 0x45 | 0xe1 | 0x00 | 0x0b | 0xff | 0xf2 | 0x00 | 0x09 | 0x00 | 0x15 | 0xff | 0xe6 | 0x03 | 0xf7 | 0x28 | 0x00 | 0xfe
remote 3.069052 R FIFO 0x45 | 0xe1 | 0x00 | 0x0b | 0xff | 0xf2 | 0x00 | 0x09 | 0x00 | 0x13 | 0xff | 0xe5 | 0x03 | 0xf8 | 0x28 | 0x00 | 0x00
remote 3.109076 R FIFO 0x45 | 0xe1 | 0x00 | 0x0b | 0xff | 0xf2 | 0x00 | 0x09 | 0x00 | 0x13 | 0xff | 0xe6 | 0x03 | 0xf7 | 0x28 | 0x00 | 0x00
remote 3.149120 R FIFO 0x45 | 0xe1 | 0x00 | 0x0b | 0xff | 0xf2 | 0x00 | 0x09 | 0x00 | 0x13 | 0xff | 0xe5 | 0x03 | 0xf8 | 0x28 | 0x00 | 0x00
remote 3.189094 R FIFO 0x45 | 0xe1 | 0x00 | 0x0b | 0xff | 0xf2 | 0x00 | 0x09 | 0x00 | 0x14 | 0xff | 0xe7 | 0x03 | 0xf5 | 0x28 | 0x00 | 0x00
remote 3.229655 R FIFO 0x45 | 0xe1 | 0x00 | 0x0b | 0xff | 0xf2 | 0x00 | 0x09 | 0x00 | 0x15 | 0xff | 0xe7 | 0x03 | 0xf8 | 0x28 | 0x00 | 0xfc
remote 3.269569 R FIFO 0x45 | 0xe1 | 0x00 | 0x0b | 0xff | 0xf2 | 0x00 | 0x09 | 0x00 | 0x15 | 0xff | 0xe7 | 0x03 | 0xf6 | 0x28 | 0x00 | 0xfe
remote 3.309198 R FIFO 0x45 | 0xe1 | 0x00 | 0x0b | 0xff | 0xf2 | 0x00 | 0x09 | 0x00 | 0x13 | 0xff | 0xe5 | 0x03 | 0xfa | 0x28 | 0x00 | 0xfe
remote 3.349153 R FIFO 0x45 | 0xe1 | 0x00 | 0x0b | 0xff | 0xf2 | 0x00 | 0x09 | 0x00 | 0x15 | 0xff | 0xe6 | 0x03 | 0xf8 | 0x28 | 0x00 | 0xfd
remote 3.389240 R FIFO 0x45 | 0xe1 | 0x00 | 0x0b | 0xff | 0xf2 | 0x00 | 0x09 | 0x00 | 0x13 | 0xff | 0xe6 | 0x03 | 0xf7 | 0x28 | 0x00 | 0x00
remote 3.429128 R FIFO 0x45 | 0xe1 | 0x00 | 0x0b | 0xff | 0xf2 | 0x00 | 0x09 | 0x00 | 0x15 | 0xff | 0xe8 | 0x03 | 0xf6 | 0x28 | 0x00 | 0xfd
remote 3.469681 R FIFO 0x45 | 0xe1 | 0x00 | 0x0b | 0xff | 0xf2 | 0x00 | 0x09 | 0x00 | 0x15 | 0xff | 0xe7 | 0x03 | 0xf7 | 0x28 | 0x00 | 0xfd
remote 3.509677 R FIFO 0x45 | 0xe1 | 0x00 | 0x0b | 0xff | 0xf2 | 0x00 | 0x09 | 0x00 | 0x15 | 0xff | 0xe6 | 0x03 | 0xf7 | 0x28 | 0x00 | 0xfe
remote 3.549277 R FIFO 0x45 | 0xe1 | 0x00 | 0x0b | 0xff | 0xf2 | 0x00 | 0x09 | 0x00 | 0x14 | 0xff | 0xe6 | 0x03 | 0xf9 | 0x28 | 0x00 | 0xfd
remote 3.589257 R FIFO 0x45 | 0xe1 | 0x00 | 0x0b | 0xff | 0xf2 | 0x00 | 0x09 | 0x00 | 0x13 | 0xff | 0xe5 | 0x03 | 0xf9 | 0x28 | 0x00 | 0xff
remote 3.629241 R FIFO 0x45 | 0xe1 | 0x00 | 0x0b | 0xff | 0xf2 | 0x00 | 0x09 | 0x00 | 0x15 | 0xff | 0xe6 | 0x03 | 0xf6 | 0x27 | 0x00 | 0x00
remote 3.669247 R FIFO 0x45 | 0xe1 | 0x00 | 0x0b | 0xff | 0xf2 | 0x00 | 0x09 | 0x00 | 0x13 | 0xff | 0xe6 | 0x03 | 0xf7 | 0x27 | 0x00 | 0x01
remote 3.709693 R FIFO 0x45 | 0xe1 | 0x00 | 0x0b | 0xff | 0xf2 | 0x00 | 0x09 | 0x00 | 0x15 | 0xff | 0xe7 | 0x03 | 0xf5 | 0x27 | 0x00 | 0x00
remote 3.749325 R FIFO 0x45 | 0xe1 | 0x00 | 0x0b | 0xff | 0xf2 | 0x00 | 0x09 | 0x00 | 0x12 | 0xff | 0xe5 | 0x03 | 0xfb | 0x27 | 0x00 | 0xff
remote 3.789260 R FIFO 0x45 | 0xe1 | 0x00 | 0x0b | 0xff | 0xf2 | 0x00 | 0x09 | 0x00 | 0x14 | 0xff | 0xe5 | 0x03 | 0xf7 | 0x27 | 0x00 | 0x01
remote 3.829392 R FIFO 0x45 | 0xe1 | 0x00 | 0x0b | 0xff | 0xf2 | 0x00 | 0x09 | 0x00 | 0x13 | 0xff | 0xe5 | 0x03 | 0xf9 | 0x27 | 0x00 | 0x00
remote 3.869321 R FIFO 0x45 | 0xe1 | 0x00 | 0x0b | 0xff | 0xf2 | 0x00 | 0x09 | 0x00 | 0x15 | 0xff | 0xe7 | 0x03 | 0xf4 | 0x27 | 0x00 | 0x01
remote 3.909624 R FIFO 0x45 | 0xe1 | 0x00 | 0x0b | 0xff | 0xf2 | 0x00 | 0x09 | 0x00 | 0x15 | 0xff | 0xe6 | 0x03 | 0xf9 | 0x27 | 0x00 | 0xfd
remote 3.949689 R FIFO 0x45 | 0xe1 | 0x00 | 0x0b | 0xff | 0xf2 | 0x00 | 0x09 | 0x00 | 0x13 | 0xff | 0xe6 | 0x03 | 0xf6 | 0x27 | 0x00 | 0x02
remote 3.989281 R FIFO 0x45 | 0xe1 | 0x00 | 0x0b | 0xff | 0xf2 | 0x00 | 0x09 | 0x00 | 0x13 | 0xff | 0xe6 | 0x03 | 0xf8 | 0x27 | 0x00 | 0x00
remote 4.029382 R FIFO 0x45 | 0xe1 | 0x00 | 0x0b | 0xff | 0xf2 | 0x00 | 0x09 | 0x00 | 0x12 | 0xff | 0xe6 | 0x03 | 0xf9 | 0x27 | 0x00 | 0x00
remote 4.069337 R FIFO 0x45 | 0xe1 | 0x00 | 0x0b | 0xff | 0xf2 | 0x00 | 0x09 | 0x00 | 0x14 | 0xff | 0xe6 | 0x03 | 0xf7 | 0x27 | 0x00 | 0x00
remote 4.109430 R FIFO 0x45 | 0xe1 | 0x00 | 0x0b | 0xff | 0xf2 | 0x00 | 0x09 | 0x00 | 0x13 | 0xff | 0xe6 | 0x03 | 0xfa | 0x27 | 0x00 | 0xfe
remote 4.149722 R FIFO 0x45 | 0xe1 | 0x00 | 0x0b | 0xff | 0xf2 | 0x00 | 0x09 | 0x00 | 0x15 | 0xff | 0xe6 | 0x03 | 0xf7 | 0x27 | 0x00 | 0xff
remote 4.189482 R FIFO 0x45 | 0xe1 | 0x00 | 0x0b | 0xff | 0xf2 | 0x00 | 0x09 | 0x00 | 0x13 | 0xff | 0xe5 | 0x03 | 0xf8 | 0x27 | 0x00 | 0x01
remote 4.229432 R FIFO 0x45 | 0xe1 | 0x00 | 0x0b | 0xff | 0xf2 | 0x00 | 0x09 | 0x00 | 0x15 | 0xff | 0xe7 | 0x03 | 0xf8 | 0x27 | 0x00 | 0xfd
remote 4.269445 R FIFO 0x45 | 0xe1 | 0x00 | 0x0b | 0xff | 0xf2 | 0x00 | 0x09 | 0x00 | 0x13 | 0xff | 0xe6 | 0x03 | 0xf9 | 0x27 | 0x00 | 0xff
remote 4.309402 R FIFO 0x45 | 0xe1 | 0x00 | 0x0b | 0xff | 0xf2 | 0x00 | 0x09 | 0x00 | 0x14 | 0xff | 0xe6 | 0x03 | 0xf5 | 0x27 | 0x00 | 0x02
remote 4.349434 R FIFO 0x45 | 0xe1 | 0x00 | 0x0b | 0xff | 0xf2 | 0x00 | 0x09 | 0x00 | 0x15 | 0xff | 0xe7 | 0x03 | 0xf7 | 0x27 | 0x00 | 0xfe
remote 4.389706 R FIFO 0x45 | 0xe1 | 0x00 | 0x0b | 0xff | 0xf2 | 0x00 | 0x09 | 0x00 | 0x16 | 0xff | 0xe6 | 0x03 | 0xf8 | 0x27 | 0x00 | 0xfd
remote 4.429442 R FIFO 0x45 | 0xe1 | 0x00 | 0x0b | 0xff | 0xf2 | 0x00 | 0x09 | 0x00 | 0x13 | 0xff | 0xe5 | 0x03 | 0xf9 | 0x27 | 0x00 | 0x00
remote 4.469514 R FIFO 0x45 | 0xe1 | 0x00 | 0x0b | 0xff | 0xf2 | 0x00 | 0x09 | 0x00 | 0x14 | 0xff | 0xe5 | 0x03 | 0xf9 | 0x27 | 0x00 | 0xff
remote 4.509514 R FIFO 0x45 | 0xe1 | 0x00 | 0x0b | 0xff | 0xf2 | 0x00 | 0x09 | 0x00 | 0x13 | 0xff | 0xe6 | 0x03 | 0xf8 | 0x27 | 0x00 | 0x00
remote 4.549568 R FIFO 0x45 | 0xe1 | 0x00 | 0x0b | 0xff | 0xf2 | 0x00 | 0x09 | 0x00 | 0x13 | 0xff | 0xe7 | 0x03 | 0xf7 | 0x27 | 0x00 | 0x00
remote 4.589702 R FIFO 0x45 | 0xe1 | 0x00 | 0x0b | 0xff | 0xf2 | 0x00 | 0x09 | 0x00 | 0x15 | 0xff | 0xe6 | 0x03 | 0xf7 | 0x27 | 0x00 | 0xff
remote 4.629801 R FIFO 0x45 | 0xe1 | 0x00 | 0x0b | 0xff | 0xf2 | 0x00 | 0x09 | 0x00 | 0x13 | 0xff | 0xe6 | 0x03 | 0xf9 | 0x26 | 0x00 | 0x00
remote 4.669628 R FIFO 0x45 | 0xe1 | 0x00 | 0x0b | 0xff | 0xf2 | 0x00 | 0x09 | 0x00 | 0x14 | 0xff | 0xe5 | 0x03 | 0xf7 | 0x26 | 0x00 | 0x02
remote 4.709626 R FIFO 0x45 | 0xe1 | 0x00 | 0x0b | 0xff | 0xf2 | 0x00 | 0x09 | 0x00 | 0x13 | 0xff | 0xe6 | 0x03 | 0xf9 | 0x26 | 0x00 | 0x00
remote 4.749571 R FIFO 0x45 | 0xe1 | 0x00 | 0x0b | 0xff | 0xf2 | 0x00 | 0x09 | 0x00 | 0x13 | 0xff | 0xe7 | 0x03 | 0xf6 | 0x26 | 0x00 | 0x02
remote 4.789595 R FIFO 0x45 | 0xe1 | 0x00 | 0x0b | 0xff | 0xf2 | 0x00 | 0x09 | 0x00 | 0x13 | 0xff | 0xe7 | 0x03 | 0xfa | 0x26 | 0x00 | 0xfe
remote 4.829808 R FIFO 0x45 | 0xe1 | 0x00 | 0x0b | 0xff | 0xf2 | 0x00 | 0x09 | 0x00 | 0x15 | 0xff | 0xe6 | 0x03 | 0xf7 | 0x26 | 0x00 | 0x00
remote 4.869698 R FIFO 0x45 | 0xe1 | 0x00 | 0x0b | 0xff | 0xf2 | 0x00 | 0x09 | 0x00 | 0x13 | 0xff | 0xe6 | 0x03 | 0xf8 | 0x26 | 0x00 | 0x01
remote 4.909679 R FIFO 0x45 | 0xe1 | 0x00 | 0x0b | 0xff | 0xf2 | 0x00 | 0x09 | 0x00 | 0x13 | 0xff | 0xe6 | 0x03 | 0xf8 | 0x26 | 0x00 | 0x01
remote 4.949665 R FIFO 0x45 | 0xe1 | 0x00 | 0x0b | 0xff | 0xf2 | 0x00 | 0x09 | 0x00 | 0x13 | 0xff | 0xe7 | 0x03 | 0xf9 | 0x26 | 0x00 | 0xff
remote 4.989642 R FIFO 0x45 | 0xe1 | 0x00 | 0x0b | 0xff | 0xf2 | 0x00 | 0x09 | 0x00 | 0x16 | 0xff | 0xe7 | 0x03 | 0xf3 | 0x26 | 0x00 | 0x02
remote 5.029828 R FIFO 0x45 | 0xe1 | 0x00 | 0x0b | 0xff | 0xf2 | 0x00 | 0x09 | 0x00 | 0x15 | 0xff | 0xe7 | 0x03 | 0xf8 | 0x26 | 0x00 | 0xfe
remote 5.069803 R FIFO 0x45 | 0xe1 | 0x00 | 0x0b | 0xff | 0xf2 | 0x00 | 0x09 | 0x00 | 0x15 | 0xff | 0xe6 | 0x03 | 0xf8 | 0x26 | 0x00 | 0xff
remote 5.109667 R FIFO 0x45 | 0xe1 | 0x00 | 0x0b | 0xff | 0xf2 | 0x00 | 0x09 | 0x00 | 0x14 | 0xff | 0xe5 | 0x03 | 0xf6 | 0x26 | 0x00 | 0x03
remote 5.149711 R FIFO 0x45 | 0xe1 | 0x00 | 0x0b | 0xff | 0xf2 | 0x00 | 0x09 | 0x00 | 0x13 | 0xff | 0xe5 | 0x03 | 0xf7 | 0x26 | 0x00 | 0x03
remote 5.189708 R FIFO 0x45 | 0xe1 | 0x00 | 0x0b | 0xff | 0xf2 | 0x00 | 0x09 | 0x00 | 0x14 | 0xff | 0xe6 | 0x03 | 0xf8 | 0x26 | 0x00 | 0x00
remote 5.229820 R FIFO 0x45 | 0xe1 | 0x00 | 0x0b | 0xff | 0xf2 | 0x00 | 0x09 | 0x00 | 0x15 | 0xff | 0xe7 | 0x03 | 0xf8 | 0x26 | 0x00 | 0xfe
remote 5.269848 R FIFO 0x45 | 0xe1 | 0x00 | 0x0b | 0xff | 0xf2 | 0x00 | 0x09 | 0x00 | 0x16 | 0xff | 0xe7 | 0x03 | 0xf8 | 0x26 | 0x00 | 0xfd
remote 5.309819 R FIFO 0x45 | 0xe1 | 0x00 | 0x0b | 0xff | 0xf2 | 0x00 | 0x09 | 0x00 | 0x14 | 0xff | 0xe6 | 0x03 | 0xfa | 0x26 | 0x00 | 0xfe
remote 5.349820 R FIFO 0x45 | 0xe1 | 0x00 | 0x0b | 0xff | 0xf2 | 0x00 | 0x09 | 0x00 | 0x13 | 0xff | 0xe5 | 0x03 | 0xf6 | 0x26 | 0x00 | 0x04
remote 5.389787 R FIFO 0x45 | 0xe1 | 0x00 | 0x0b | 0xff | 0xf2 | 0x00 | 0x09 | 0x00 | 0x13 | 0xff | 0xe6 | 0x03 | 0xf8 | 0x26 | 0x00 | 0x01
remote 5.429779 R FIFO 0x45 | 0xe1 | 0x00 | 0x0b | 0xff | 0xf2 | 0x00 | 0x09 | 0x00 | 0x13 | 0xff | 0xe5 | 0x03 | 0xf8 | 0x26 | 0x00 | 0x02
remote 5.469886 R FIFO 0x45 | 0xe1 | 0x00 | 0x0b | 0xff | 0xf2 | 0x00 | 0x09 | 0x00 | 0x14 | 0xff | 0xe7 | 0x03 | 0xf8 | 0x26 | 0x00 | 0xff
remote 5.509859 R FIFO 0x45 | 0xe1 | 0x00 | 0x0b | 0xff | 0xf2 | 0x00 | 0x09 | 0x00 | 0x15 | 0xff | 0xe7 | 0x03 | 0xf7 | 0x26 | 0x00 | 0xff
remote 5.549839 R FIFO 0x45 | 0xe1 | 0x00 | 0x0b | 0xff | 0xf2 | 0x00 | 0x09 | 0x00 | 0x13 | 0xff | 0xe5 | 0x03 | 0xfa | 0x26 | 0x00 | 0x00
remote 5.589823 R FIFO 0x45 | 0xe1 | 0x00 | 0x0b | 0xff | 0xf2 | 0x00 | 0x09 | 0x00 | 0x14 | 0xff | 0xe5 | 0x03 | 0xf8 | 0x26 | 0x00 | 0x01
remote 5.629821 R FIFO 0x45 | 0xe1 | 0x00 | 0x0b | 0xff | 0xf2 | 0x00 | 0x09 | 0x00 | 0x13 | 0xff | 0xe5 | 0x03 | 0xf7 | 0x24 | 0x00 | 0x05
remote 5.669956 R FIFO 0x45 | 0xe1 | 0x00 | 0x0b | 0xff | 0xf2 | 0x00 | 0x09 | 0x00 | 0x14 | 0xff | 0xe7 | 0x03 | 0xf7 | 0x24 | 0x00 | 0x02
remote 5.710492 R FIFO 0x45 | 0xe1 | 0x00 | 0x0b | 0xff | 0xf2 | 0x00 | 0x09 | 0x00 | 0x15 | 0xff | 0xe7 | 0x03 | 0xf7 | 0x24 | 0x00 | 0x01
remote 5.749980 R FIFO 0x45 | 0xe1 | 0x00 | 0x0b | 0xff | 0xf2 | 0x00 | 0x09 | 0x00 | 0x14 | 0xff | 0xe5 | 0x03 | 0xf8 | 0x24 | 0x00 | 0x03
remote 5.789844 R FIFO 0x45 | 0xe1 | 0x00 | 0x0b | 0xff | 0xf2 | 0x00 | 0x09 | 0x00 | 0x13 | 0xff | 0xe5 | 0x03 | 0xf8 | 0x24 | 0x00 | 0x04
remote 5.829856 R FIFO 0x45 | 0xe1 | 0x00 | 0x0b | 0xff | 0xf2 | 0x00 | 0x09 | 0x00 | 0x13 | 0xff | 0xe6 | 0x03 | 0xfa | 0x24 | 0x00 | 0x01
remote 5.869969 R FIFO 0x45 | 0xe1 | 0x00 | 0x0b | 0xff | 0xf2 | 0x00 | 0x09 | 0x00 | 0x14 | 0xff | 0xe6 | 0x03 | 0xf6 | 0x24 | 0x00 | 0x04
remote 5.909940 R FIFO 0x45 | 0xe1 | 0x00 | 0x0b | 0xff | 0xf2 | 0x00 | 0x09 | 0x00 | 0x15 | 0xff | 0xe6 | 0x03 | 0xf6 | 0x24 | 0x00 | 0x03
remote 5.950022 R FIFO 0x45 | 0xe1 | 0x00 | 0x0b | 0xff | 0xf2 | 0x00 | 0x09 | 0x00 | 0x14 | 0xff | 0xe7 | 0x03 | 0xf7 | 0x24 | 0x00 | 0x02
remote 5.990019 R FIFO 0x45 | 0xe1 | 0x00 | 0x0b | 0xff | 0xf2 | 0x00 | 0x09 | 0x00 | 0x14 | 0xff | 0xe6 | 0x03 | 0xf9 | 0x24 | 0x00 | 0x01
remote 6.030025 R FIFO 0x45 | 0xe1 | 0x00 | 0x0b | 0xff | 0xf2 | 0x00 | 0x09 | 0x00 | 0x12 | 0xff | 0xe6 | 0x03 | 0xf9 | 0x24 | 0x00 | 0x03
remote 6.070046 R FIFO 0x45 | 0xe1 | 0x00 | 0x0b | 0xff | 0xf2 | 0x00 | 0x09 | 0x00 | 0x13 | 0xff | 0xe6 | 0x03 | 0xf9 | 0x24 | 0x00 | 0x02
remote 6.110062 R FIFO 0x45 | 0xe1 | 0x00 | 0x0b | 0xff | 0xf2 | 0x00 | 0x09 | 0x00 | 0x15 | 0xff | 0xe7 | 0x03 | 0xf7 | 0x24 | 0x00 | 0x01
remote 6.149988 R FIFO 0x45 | 0xe1 | 0x00 | 0x0b | 0xff | 0xf2 | 0x00 | 0x09 | 0x00 | 0x15 | 0xff | 0xe7 | 0x03 | 0xf8 | 0x24 | 0x00 | 0x00
remote 6.190113 R FIFO 0x45 | 0xe1 | 0x00 | 0x0b | 0xff | 0xf2 | 0x00 | 0x09 | 0x00 | 0x15 | 0xff | 0xe6 | 0x03 | 0xf8 | 0x24 | 0x00 | 0x01
remote 6.230122 R FIFO 0x45 | 0xe1 | 0x00 | 0x0b | 0xff | 0xf2 | 0x00 | 0x09 | 0x00 | 0x14 | 0xff | 0xe5 | 0x03 | 0xf7 | 0x24 | 0x00 | 0x04
remote 6.270031 R FIFO 0x45 | 0xe1 | 0x00 | 0x0b | 0xff | 0xf2 | 0x00 | 0x09 | 0x00 | 0x13 | 0xff | 0xe4 | 0x03 | 0xfb | 0x24 | 0x00 | 0x02
remote 6.310074 R FIFO 0x45 | 0xe1 | 0x00 | 0x0b | 0xff | 0xf2 | 0x00 | 0x09 | 0x00 | 0x13 | 0xff | 0xe5 | 0x03 | 0xf6 | 0x24 | 0x00 | 0x06
remote 6.350070 R FIFO 0x45 | 0xe1 | 0x00 | 0x0b | 0xff | 0xf2 | 0x00 | 0x09 | 0x00 | 0x14 | 0xff | 0xe6 | 0x03 | 0xf8 | 0x24 | 0x00 | 0x02
remote 6.390052 R FIFO 0x45 | 0xe1 | 0x00 | 0x0b | 0xff | 0xf2 | 0x00 | 0x09 | 0x00 | 0x14 | 0xff | 0xe6 | 0x03 | 0xf7 | 0x24 | 0x00 | 0x03
remote 6.430064 R FIFO 0x45 | 0xe1 | 0x00 | 0x0b | 0xff | 0xf2 | 0x00 | 0x09 | 0x00 | 0x15 | 0xff | 0xe6 | 0x03 | 0xfa | 0x24 | 0x00 | 0xff
remote 6.470208 R FIFO 0x45 | 0xe1 | 0x00 | 0x0b | 0xff | 0xf2 | 0x00 | 0x09 | 0x00 | 0x14 | 0xff | 0xe5 | 0x03 | 0xf7 | 0x24 | 0x00 | 0x04
remote 6.510203 R FIFO 0x45 | 0xe1 | 0x00 | 0x0b | 0xff | 0xf2 | 0x00 | 0x09 | 0x00 | 0x14 | 0xff | 0xe6 | 0x03 | 0xf8 | 0x24 | 0x00 | 0x02
remote 6.550171 R FIFO 0x45 | 0xe1 | 0x00 | 0x0b | 0xff | 0xf2 | 0x00 | 0x09 | 0x00 | 0x13 | 0xff | 0xe6 | 0x03 | 0xf6 | 0x24 | 0x00 | 0x05
remote 6.590145 R FIFO 0x45 | 0xe1 | 0x00 | 0x0b | 0xff | 0xf2 | 0x00 | 0x09 | 0x00 | 0x14 | 0xff | 0xe7 | 0x03 | 0xf8 | 0x24 | 0x00 | 0x01
remote 6.630113 R FIFO 0x45 | 0xe1 | 0x00 | 0x0b | 0xff | 0xf2 | 0x00 | 0x09 | 0x00 | 0x14 | 0xff | 0xe6 | 0x03 | 0xf6 | 0x22 | 0x00 | 0x06
remote 6.670132 R FIFO 0x45 | 0xe1 | 0x00 | 0x0b | 0xff | 0xf2 | 0x00 | 0x09 | 0x00 | 0x13 | 0xff | 0xe6 | 0x03 | 0xf9 | 0x22 | 0x00 | 0x04
remote 6.710183 R FIFO 0x45 | 0xe1 | 0x00 | 0x0b | 0xff | 0xf2 | 0x00 | 0x09 | 0x00 | 0x13 | 0xff | 0xe6 | 0x03 | 0xf9 | 0x22 | 0x00 | 0x04
remote 6.750205 R FIFO 0x45 | 0xe1 | 0x00 | 0x0b | 0xff | 0xf2 | 0x00 | 0x09 | 0x00 | 0x14 | 0xff | 0xe6 | 0x03 | 0xf7 | 0x22 | 0x00 | 0x05
remote 6.790227 R FIFO 0x45 | 0xe1 | 0x00 | 0x0b | 0xff | 0xf2 | 0x00 | 0x09 | 0x00 | 0x15 | 0xff | 0xe7 | 0x03 | 0xf7 | 0x22 | 0x00 | 0x03
remote 6.830302 R FIFO 0x45 | 0xe1 | 0x00 | 0x0b | 0xff | 0xf2 | 0x00 | 0x09 | 0x00 | 0x15 | 0xff | 0xe7 | 0x03 | 0xf5 | 0x22 | 0x00 | 0x05
remote 6.870321 R FIFO 0x45 | 0xe1 | 0x00 | 0x0b | 0xff | 0xf2 | 0x00 | 0x09 | 0x00 | 0x14 | 0xff | 0xe6 | 0x03 | 0xfa | 0x22 | 0x00 | 0x02
remote 6.910359 R FIFO 0x45 | 0xe1 | 0x00 | 0x0b | 0xff | 0xf2 | 0x00 | 0x09 | 0x00 | 0x13 | 0xff | 0xe6 | 0x03 | 0xf8 | 0x22 | 0x00 | 0x05
remote 6.950246 R FIFO 0x45 | 0xe1 | 0x00 | 0x0b | 0xff | 0xf2 | 0x00 | 0x09 | 0x00 | 0x12 | 0xff | 0xe6 | 0x03 | 0xf9 | 0x22 | 0x00 | 0x05
remote 6.990373 R FIFO 0x45 | 0xe1 | 0x00 | 0x0b | 0xff | 0xf2 | 0x00 | 0x09 | 0x00 | 0x14 | 0xff | 0xe6 | 0x03 | 0xf6 | 0x22 | 0x00 | 0x06
remote 7.030280 R FIFO 0x45 | 0xe1 | 0x00 | 0x0b | 0xff | 0xf2 | 0x00 | 0x09 | 0x00 | 0x14 | 0xff | 0xe7 | 0x03 | 0xf9 | 0x22 | 0x00 | 0x02
remote 7.070338 R FIFO 0x45 | 0xe1 | 0x00 | 0x0b | 0xff | 0xf2 | 0x00 | 0x09 | 0x00 | 0x14 | 0xff | 0xe6 | 0x03 | 0xf8 | 0x22 | 0x00 | 0x04
remote 7.110345 R FIFO 0x45 | 0xe1 | 0x00 | 0x0b | 0xff | 0xf2 | 0x00 | 0x09 | 0x00 | 0x13 | 0xff | 0xe5 | 0x03 | 0xf8 | 0x22 | 0x00 | 0x06
remote 7.150331 R FIFO 0x45 | 0xe1 | 0x00 | 0x0b | 0xff | 0xf2 | 0x00 | 0x09 | 0x00 | 0x13 | 0xff | 0xe6 | 0x03 | 0xf7 | 0x22 | 0x00 | 0x06
remote 7.190318 R FIFO 0x45 | 0xe1 | 0x00 | 0x0b | 0xff | 0xf2 | 0x00 | 0x09 | 0x00 | 0x15 | 0xff | 0xe7 | 0x03 | 0xf7 | 0x22 | 0x00 | 0x03
remote 7.230428 R FIFO 0x45 | 0xe1 | 0x00 | 0x0b | 0xff | 0xf2 | 0x00 | 0x09 | 0x00 | 0x14 | 0xff | 0xe6 | 0x03 | 0xf8 | 0x22 | 0x00 | 0x04
remote 7.270389 R FIFO 0x45 | 0xe1 | 0x00 | 0x0b | 0xff | 0xf2 | 0x00 | 0x09 | 0x00 | 0x15 | 0xff | 0xe7 | 0x03 | 0xf6 | 0x22 | 0x00 | 0x04
remote 7.310380 R FIFO 0x45 | 0xe1 | 0x00 | 0x0b | 0xff | 0xf2 | 0x00 | 0x09 | 0x00 | 0x14 | 0xff | 0xe6 | 0x03 | 0xfa | 0x22 | 0x00 | 0x02
remote 7.350359 R FIFO 0x45 | 0xe1 | 0x00 | 0x0b | 0xff | 0xf2 | 0x00 | 0x09 | 0x00 | 0x15 | 0xff | 0xe6 | 0x03 | 0xf7 | 0x22 | 0x00 | 0x04
remote 7.390370 R FIFO 0x45 | 0xe1 | 0x00 | 0x0b | 0xff | 0xf2 | 0x00 | 0x09 | 0x00 | 0x12 | 0xff | 0xe5 | 0x03 | 0xf9 | 0x22 | 0x00 | 0x06
remote 7.430523 R FIFO 0x45 | 0xe1 | 0x00 | 0x0b | 0xff | 0xf2 | 0x00 | 0x09 | 0x00 | 0x14 | 0xff | 0xe7 | 0x03 | 0xf7 | 0x22 | 0x00 | 0x04
remote 7.470407 R FIFO 0x45 | 0xe1 | 0x00 | 0x0b | 0xff | 0xf2 | 0x00 | 0x09 | 0x00 | 0x14 | 0xff | 0xe7 | 0x03 | 0xfa | 0x22 | 0x00 | 0x01
remote 7.510477 R FIFO 0x45 | 0xe1 | 0x00 | 0x0b | 0xff | 0xf2 | 0x00 | 0x09 | 0x00 | 0x14 | 0xff | 0xe6 | 0x03 | 0xf7 | 0x22 | 0x00 | 0x05
remote 7.550497 R FIFO 0x45 | 0xe1 | 0x00 | 0x0b | 0xff | 0xf2 | 0x00 | 0x09 | 0x00 | 0x14 | 0xff | 0xe6 | 0x03 | 0xf9 | 0x22 | 0x00 | 0x03
remote 7.590560 R FIFO 0x45 | 0xe1 | 0x00 | 0x0b | 0xff | 0xf2 | 0x00 | 0x09 | 0x00 | 0x14 | 0xff | 0xe5 | 0x03 | 0xf9 | 0x22 | 0x00 | 0x04
remote 7.630432 R FIFO 0x45 | 0xe1 | 0x00 | 0x0b | 0xff | 0xf2 | 0x00 | 0x09 | 0x00 | 0x14 | 0xff | 0xe6 | 0x03 | 0xf7 | 0x20 | 0x00 | 0x07
remote 7.670527 R FIFO 0x45 | 0xe1 | 0x00 | 0x0b | 0xff | 0xf2 | 0x00 | 0x09 | 0x00 | 0x15 | 0xff | 0xe7 | 0x03 | 0xf7 | 0x20 | 0x00 | 0x05
remote 7.710507 R FIFO 0x45 | 0xe1 | 0x00 | 0x0b | 0xff | 0xf2 | 0x00 | 0x09 | 0x00 | 0x15 | 0xff | 0xe7 | 0x03 | 0xf8 | 0x20 | 0x00 | 0x04
remote 7.750501 R FIFO 0x45 | 0xe1 | 0x00 | 0x0b | 0xff | 0xf2 | 0x00 | 0x09 | 0x00 | 0x14 | 0xff | 0xe6 | 0x03 | 0xf9 | 0x20 | 0x00 | 0x05
remote 7.790520 R FIFO 0x45 | 0xe1 | 0x00 | 0x0b | 0xff | 0xf2 | 0x00 | 0x09 | 0x00 | 0x14 | 0xff | 0xe6 | 0x03 | 0xfa | 0x20 | 0x00 | 0x04
remote 7.830545 R FIFO 0x45 | 0xe1 | 0x00 | 0x0b | 0xff | 0xf2 | 0x00 | 0x09 | 0x00 | 0x13 | 0xff | 0xe5 | 0x03 | 0xf9 | 0x20 | 0x00 | 0x07
remote 7.870609 R FIFO 0x45 | 0xe1 | 0x00 | 0x0b | 0xff | 0xf2 | 0x00 | 0x09 | 0x00 | 0x14 | 0xff | 0xe7 | 0x03 | 0xf7 | 0x20 | 0x00 | 0x06
remote 7.910606 R FIFO 0x45 | 0xe1 | 0x00 | 0x0b | 0xff | 0xf2 | 0x00 | 0x09 | 0x00 | 0x14 | 0xff | 0xe7 | 0x03 | 0xf7 | 0x20 | 0x00 | 0x06
remote 7.950597 R FIFO 0x45 | 0xe1 | 0x00 | 0x0b | 0xff | 0xf2 | 0x00 | 0x09 | 0x00 | 0x16 | 0xff | 0xe8 | 0x03 | 0xf6 | 0x20 | 0x00 | 0x04
remote 7.990580 R FIFO 0x45 | 0xe1 | 0x00 | 0x0b | 0xff | 0xf2 | 0x00 | 0x09 | 0x00 | 0x15 | 0xff | 0xe7 | 0x03 | 0xfb | 0x20 | 0x00 | 0x01
remote 8.030632 R FIFO 0x45 | 0xe1 | 0x00 | 0x0b | 0xff | 0xf2 | 0x00 | 0x09 | 0x00 | 0x13 | 0xff | 0xe5 | 0x03 | 0xf6 | 0x20 | 0x00 | 0x0a
remote 8.070645 R FIFO 0x45 | 0xe1 | 0x00 | 0x0b | 0xff | 0xf2 | 0x00 | 0x09 | 0x00 | 0x13 | 0xff | 0xe5 | 0x03 | 0xfc | 0x20 | 0x00 | 0x04
remote 8.110682 R FIFO 0x45 | 0xe1 | 0x00 | 0x0b | 0xff | 0xf2 | 0x00 | 0x09 | 0x00 | 0x14 | 0xff | 0xe7 | 0x03 | 0xf6 | 0x20 | 0x00 | 0x07
remote 8.150716 R FIFO 0x45 | 0xe1 | 0x00 | 0x0b | 0xff | 0xf2 | 0x00 | 0x09 | 0x00 | 0x14 | 0xff | 0xe7 | 0x03 | 0xf8 | 0x20 | 0x00 | 0x05
remote 8.190708 R FIFO 0x45 | 0xe1 | 0x00 | 0x0b | 0xff | 0xf2 | 0x00 | 0x09 | 0x00 | 0x14 | 0xff | 0xe6 | 0x03 | 0xf6 | 0x20 | 0x00 | 0x08
remote 8.230702 R FIFO 0x45 | 0xe1 | 0x00 | 0x0b | 0xff | 0xf2 | 0x00 | 0x09 | 0x00 | 0x14 | 0xff | 0xe7 | 0x03 | 0xf8 | 0x20 | 0x00 | 0x05
remote 8.270715 R FIFO 0x45 | 0xe1 | 0x00 | 0x0b | 0xff | 0xf2 | 0x00 | 0x09 | 0x00 | 0x14 | 0xff | 0xe6 | 0x03 | 0xf7 | 0x20 | 0x00 | 0x07
remote 8.310719 R FIFO 0x45 | 0xe1 | 0x00 | 0x0b | 0xff | 0xf2 | 0x00 | 0x09 | 0x00 | 0x14 | 0xff | 0xe7 | 0x03 | 0xf8 | 0x20 | 0x00 | 0x05
remote 8.350761 R FIFO 0x45 | 0xe1 | 0x00 | 0x0b | 0xff | 0xf2 | 0x00 | 0x09 | 0x00 | 0x14 | 0xff | 0xe7 | 0x03 | 0xf8 | 0x20 | 0x00 | 0x05
remote 8.390710 R FIFO 0x45 | 0xe1 | 0x00 | 0x0b | 0xff | 0xf2 | 0x00 | 0x09 | 0x00 | 0x15 | 0xff | 0xe7 | 0x03 | 0xf9 | 0x20 | 0x00 | 0x03
remote 8.430754 R FIFO 0x45 | 0xe1 | 0x00 | 0x0b | 0xff | 0xf2 | 0x00 | 0x09 | 0x00 | 0x13 | 0xff | 0xe6 | 0x03 | 0xf8 | 0x20 | 0x00 | 0x07
remote 8.470787 R FIFO 0x45 | 0xe1 | 0x00 | 0x0b | 0xff | 0xf2 | 0x00 | 0x09 | 0x00 | 0x14 | 0xff | 0xe6 | 0x03 | 0xf8 | 0x20 | 0x00 | 0x06
remote 8.510816 R FIFO 0x45 | 0xe1 | 0x00 | 0x0b | 0xff | 0xf2 | 0x00 | 0x09 | 0x00 | 0x12 | 0xff | 0xe5 | 0x03 | 0xfb | 0x20 | 0x00 | 0x06
remote 8.550785 R FIFO 0x45 | 0xe1 | 0x00 | 0x0b | 0xff | 0xf2 | 0x00 | 0x09 | 0x00 | 0x14 | 0xff | 0xe7 | 0x03 | 0xf6 | 0x20 | 0x00 | 0x07
remote 8.590756 R FIFO 0x45 | 0xe1 | 0x00 | 0x0b | 0xff | 0xf2 | 0x00 | 0x09 | 0x00 | 0x12 | 0xff | 0xe6 | 0x03 | 0xf8 | 0x20 | 0x00 | 0x08
remote 8.630871 R FIFO 0x45 | 0xe1 | 0x00 | 0x0b | 0xff | 0xf2 | 0x00 | 0x09 | 0x00 | 0x15 | 0xff | 0xe7 | 0x03 | 0xf4 | 0x1f | 0x00 | 0x09
remote 8.670840 R FIFO 0x45 | 0xe1 | 0x00 | 0x0b | 0xff | 0xf2 | 0x00 | 0x09 | 0x00 | 0x13 | 0xff | 0xe6 | 0x03 | 0xfa | 0x1f | 0x00 | 0x06
remote 8.710865 R FIFO 0x45 | 0xe1 | 0x00 | 0x0b | 0xff | 0xf2 | 0x00 | 0x09 | 0x00 | 0x14 | 0xff | 0xe6 | 0x03 | 0xf5 | 0x1f | 0x00 | 0x0a
remote 8.750852 R FIFO 0x45 | 0xe1 | 0x00 | 0x0b | 0xff | 0xf2 | 0x00 | 0x09 | 0x00 | 0x11 | 0xff | 0xe6 | 0x03 | 0xfa | 0x1f | 0x00 | 0x08
remote 8.790829 R FIFO 0x45 | 0xe1 | 0x00 | 0x0b | 0xff | 0xf2 | 0x00 | 0x09 | 0x00 | 0x12 | 0xff | 0xe7 | 0x03 | 0xf6 | 0x1f | 0x00 | 0x0a
remote 8.830851 R FIFO 0x45 | 0xe1 | 0x00 | 0x0b | 0xff | 0xf2 | 0x00 | 0x09 | 0x00 | 0x13 | 0xff | 0xe8 | 0x03 | 0xf7 | 0x1f | 0x00 | 0x07
remote 8.870917 R FIFO 0x45 | 0xe1 | 0x00 | 0x0b | 0xff | 0xf2 | 0x00 | 0x09 | 0x00 | 0x13 | 0xff | 0xe6 | 0x03 | 0xf8 | 0x1f | 0x00 | 0x08
remote 8.910898 R FIFO 0x45 | 0xe1 | 0x00 | 0x0b | 0xff | 0xf2 | 0x00 | 0x09 | 0x00 | 0x14 | 0xff | 0xe7 | 0x03 | 0xf9 | 0x1f | 0x00 | 0x05
remote 8.950957 R FIFO 0x45 | 0xe1 | 0x00 | 0x0a | 0xff | 0xf2 | 0x00 | 0x09 | 0x00 | 0x0f | 0xff | 0xe6 | 0x03 | 0xfa | 0x1f | 0x00 | 0x0b
remote 8.990901 R FIFO 0x45 | 0xe1 | 0x00 | 0x0a | 0xff | 0xf2 | 0x00 | 0x09 | 0x00 | 0x10 | 0xff | 0xe7 | 0x03 | 0xf7 | 0x1f | 0x00 | 0x0c
remote 9.030942 R FIFO 0x45 | 0xe1 | 0x00 | 0x0a | 0xff | 0xf2 | 0x00 | 0x09 | 0x00 | 0x10 | 0xff | 0xe6 | 0x03 | 0xfb | 0x1f | 0x00 | 0x09
remote 9.070985 R FIFO 0x45 | 0xe1 | 0x00 | 0x0a | 0xff | 0xf2 | 0x00 | 0x09 | 0x00 | 0x13 | 0xff | 0xe9 | 0x03 | 0xf7 | 0x1f | 0x00 | 0x07
remote 9.110902 R FIFO 0x45 | 0xe1 | 0x00 | 0x0a | 0xff | 0xf2 | 0x00 | 0x09 | 0x00 | 0x10 | 0xff | 0xe5 | 0x03 | 0xfa | 0x1f | 0x00 | 0x0b
remote 9.150955 R FIFO 0x45 | 0xe1 | 0x00 | 0x0a | 0xff | 0xf2 | 0x00 | 0x09 | 0x00 | 0x11 | 0xff | 0xe7 | 0x03 | 0xf8 | 0x1f | 0x00 | 0x0a
remote 9.191022 R FIFO 0x45 | 0xe1 | 0x00 | 0x0a | 0xff | 0xf2 | 0x00 | 0x09 | 0x00 | 0x0e | 0xff | 0xe6 | 0x03 | 0xfc | 0x1f | 0x00 | 0x0a
remote 9.230987 R FIFO 0x45 | 0xe1 | 0x00 | 0x0a | 0xff | 0xf2 | 0x00 | 0x09 | 0x00 | 0x10 | 0xff | 0xe7 | 0x03 | 0xf5 | 0x1f | 0x00 | 0x0e
remote 9.270986 R FIFO 0x45 | 0xe1 | 0x00 | 0x0a | 0xff | 0xf2 | 0x00 | 0x09 | 0x00 | 0x10 | 0xff | 0xe7 | 0x03 | 0xf7 | 0x1f | 0x00 | 0x0c
remote 9.311026 R FIFO 0x45 | 0xe1 | 0x00 | 0x0a | 0xff | 0xf2 | 0x00 | 0x09 | 0x00 | 0x11 | 0xff | 0xe8 | 0x03 | 0xf6 | 0x1f | 0x00 | 0x0b
remote 9.350980 R FIFO 0x45 | 0xe1 | 0x00 | 0x0a | 0xff | 0xf2 | 0x00 | 0x09 | 0x00 | 0x0e | 0xff | 0xe6 | 0x03 | 0xfb | 0x1f | 0x00 | 0x0b
remote 9.391062 R FIFO 0x45 | 0xe1 | 0x00 | 0x0a | 0xff | 0xf2 | 0x00 | 0x09 | 0x00 | 0x0f | 0xff | 0xe7 | 0x03 | 0xfb | 0x1f | 0x00 | 0x09
remote 9.431022 R FIFO 0x45 | 0xe1 | 0x00 | 0x09 | 0xff | 0xf2 | 0x00 | 0x09 | 0x00 | 0x0d | 0xff | 0xe6 | 0x03 | 0xf8 | 0x1f | 0x00 | 0x10
remote 9.471020 R FIFO 0x45 | 0xe1 | 0x00 | 0x09 | 0xff | 0xf2 | 0x00 | 0x09 | 0x00 | 0x0f | 0xff | 0xe7 | 0x03 | 0xf8 | 0x1f | 0x00 | 0x0d
remote 9.512293 R FIFO 0x45 | 0xe1 | 0x00 | 0x09 | 0xff | 0xf2 | 0x00 | 0x09 | 0x00 | 0x0f | 0xff | 0xe8 | 0x03 | 0xf5 | 0x1f | 0x00 | 0x0f
remote 9.552252 R FIFO 0x45 | 0xe1 | 0x00 | 0x09 | 0xff | 0xf2 | 0x00 | 0x09 | 0x00 | 0x0e | 0xff | 0xe7 | 0x03 | 0xf8 | 0x1f | 0x00 | 0x0e
remote 9.591478 R FIFO 0x45 | 0xe1 | 0x00 | 0x09 | 0xff | 0xf2 | 0x00 | 0x09 | 0x00 | 0x0d | 0xff | 0xe7 | 0x03 | 0xf7 | 0x1f | 0x00 | 0x10
remote 9.631440 R FIFO 0x45 | 0xe1 | 0x00 | 0x09 | 0xff | 0xf2 | 0x00 | 0x09 | 0x00 | 0x0c | 0xff | 0xe7 | 0x03 | 0xf9 | 0x1e | 0x00 | 0x10
remote 9.671500 R FIFO 0x45 | 0xe1 | 0x00 | 0x08 | 0xff | 0xf2 | 0x00 | 0x09 | 0x00 | 0x0d | 0xff | 0xe6 | 0x03 | 0xf9 | 0x1e | 0x00 | 0x11
remote 9.711489 R FIFO 0x45 | 0xe1 | 0x00 | 0x08 | 0xff | 0xf2 | 0x00 | 0x09 | 0x00 | 0x0d | 0xff | 0xe8 | 0x03 | 0xf8 | 0x1e | 0x00 | 0x10
remote 9.752254 R FIFO 0x45 | 0xe1 | 0x00 | 0x08 | 0xff | 0xf2 | 0x00 | 0x09 | 0x00 | 0x0d | 0xff | 0xe8 | 0x03 | 0xf8 | 0x1e | 0x00 | 0x10
remote 9.792314 R FIFO 0x45 | 0xe1 | 0x00 | 0x08 | 0xff | 0xf2 | 0x00 | 0x09 | 0x00 | 0x0c | 0xff | 0xe7 | 0x03 | 0xfa | 0x1e | 0x00 | 0x10
remote 9.831497 R FIFO 0x45 | 0xe1 | 0x00 | 0x08 | 0xff | 0xf2 | 0x00 | 0x09 | 0x00 | 0x0c | 0xff | 0xe7 | 0x03 | 0xf9 | 0x1e | 0x00 | 0x11
remote 9.871492 R FIFO 0x45 | 0xe1 | 0x00 | 0x08 | 0xff | 0xf2 | 0x00 | 0x09 | 0x00 | 0x0c | 0xff | 0xe6 | 0x03 | 0xfa | 0x1e | 0x00 | 0x11
remote 9.911117 R FIFO 0x45 | 0xe1 | 0x00 | 0x08 | 0xff | 0xf2 | 0x00 | 0x09 | 0x00 | 0x0b | 0xff | 0xe7 | 0x03 | 0xf9 | 0x1e | 0x00 | 0x12
remote 9.951513 R FIFO 0x45 | 0xe1 | 0x00 | 0x07 | 0xff | 0xf2 | 0x00 | 0x09 | 0x00 | 0x0c | 0xff | 0xe8 | 0x03 | 0xf9 | 0x1e | 0x00 | 0x11
remote 9.992405 R FIFO 0x45 | 0xe1 | 0x00 | 0x07 | 0xff | 0xf2 | 0x00 | 0x09 | 0x00 | 0x0c | 0xff | 0xe7 | 0x03 | 0xfa | 0x1e | 0x00 | 0x11
remote 10.032372 R FIFO 0x45 | 0xe1 | 0x00 | 0x07 | 0xff | 0xf2 | 0x00 | 0x09 | 0x00 | 0x0c | 0xff | 0xe7 | 0x03 | 0xf8 | 0x1e | 0x00 | 0x13
remote 10.071513 R FIFO 0x45 | 0xe1 | 0x00 | 0x07 | 0xff | 0xf2 | 0x00 | 0x09 | 0x00 | 0x0b | 0xff | 0xe6 | 0x03 | 0xfa | 0x1e | 0x00 | 0x13
remote 10.111580 R FIFO 0x45 | 0xe1 | 0x00 | 0x07 | 0xff | 0xf2 | 0x00 | 0x09 | 0x00 | 0x0c | 0xff | 0xe7 | 0x03 | 0xf8 | 0x1e | 0x00 | 0x13
remote 10.151568 R FIFO 0x45 | 0xe1 | 0x00 | 0x07 | 0xff | 0xf2 | 0x00 | 0x09 | 0x00 | 0x09 | 0xff | 0xe6 | 0x03 | 0xfb | 0x1e | 0x00 | 0x14
remote 10.191488 R FIFO 0x45 | 0xe1 | 0x00 | 0x06 | 0xff | 0xf2 | 0x00 | 0x09 | 0x00 | 0x0b | 0xff | 0xe9 | 0x03 | 0xf6 | 0x1e | 0x00 | 0x15
remote 10.232426 R FIFO 0x45 | 0xe1 | 0x00 | 0x06 | 0xff | 0xf2 | 0x00 | 0x09 | 0x00 | 0x0b | 0xff | 0xe8 | 0x03 | 0xf8 | 0x1e | 0x00 | 0x14
remote 10.272369 R FIFO 0x45 | 0xe1 | 0x00 | 0x06 | 0xff | 0xf2 | 0x00 | 0x09 | 0x00 | 0x0c | 0xff | 0xe8 | 0x03 | 0xf9 | 0x1e | 0x00 | 0x12
remote 10.311566 R FIFO 0x45 | 0xe1 | 0x00 | 0x06 | 0xff | 0xf2 | 0x00 | 0x09 | 0x00 | 0x0a | 0xff | 0xe7 | 0x03 | 0xfa | 0x1e | 0x00 | 0x14
remote 10.351566 R FIFO 0x45 | 0xe1 | 0x00 | 0x06 | 0xff | 0xf2 | 0x00 | 0x09 | 0x00 | 0x0a | 0xff | 0xe7 | 0x03 | 0xf8 | 0x1e | 0x00 | 0x16
remote 10.391641 R FIFO 0x45 | 0xe1 | 0x00 | 0x06 | 0xff | 0xf2 | 0x00 | 0x09 | 0x00 | 0x08 | 0xff | 0xe6 | 0x03 | 0xfa | 0x1e | 0x00 | 0x17
remote 10.431583 R FIFO 0x45 | 0xe1 | 0x00 | 0x06 | 0xff | 0xf2 | 0x00 | 0x09 | 0x00 | 0x0a | 0xff | 0xe8 | 0x03 | 0xf8 | 0x1e | 0x00 | 0x15
remote 10.472390 R FIFO 0x45 | 0xe1 | 0x00 | 0x06 | 0xff | 0xf2 | 0x00 | 0x09 | 0x00 | 0x0b | 0xff | 0xe7 | 0x03 | 0xf8 | 0x1e | 0x00 | 0x15
remote 10.512359 R FIFO 0x45 | 0xe1 | 0x00 | 0x06 | 0xff | 0xf2 | 0x00 | 0x09 | 0x00 | 0x0b | 0xff | 0xe8 | 0x03 | 0xf9 | 0x1e | 0x00 | 0x13
remote 10.551576 R FIFO 0x45 | 0xe1 | 0x00 | 0x06 | 0xff | 0xf2 | 0x00 | 0x09 | 0x00 | 0x09 | 0xff | 0xe7 | 0x03 | 0xfa | 0x1e | 0x00 | 0x15
remote 10.591520 R FIFO 0x45 | 0xe1 | 0x00 | 0x06 | 0xff | 0xf2 | 0x00 | 0x09 | 0x00 | 0x09 | 0xff | 0xe6 | 0x03 | 0xfa | 0x1e | 0x00 | 0x16
remote 10.631550 R FIFO 0x45 | 0xe1 | 0x00 | 0x06 | 0xff | 0xf2 | 0x00 | 0x09 | 0x00 | 0x09 | 0xff | 0xe6 | 0x03 | 0xf9 | 0x1e | 0x00 | 0x17
remote 10.671655 R FIFO 0x45 | 0xe1 | 0x00 | 0x05 | 0xff | 0xf2 | 0x00 | 0x09 | 0x00 | 0x0b | 0xff | 0xe7 | 0x03 | 0xf8 | 0x1e | 0x00 | 0x16
remote 10.712446 R FIFO 0x45 | 0xe1 | 0x00 | 0x05 | 0xff | 0xf2 | 0x00 | 0x09 | 0x00 | 0x0d | 0xff | 0xe8 | 0x03 | 0xf8 | 0x1e | 0x00 | 0x13
remote 10.752439 R FIFO 0x45 | 0xe1 | 0x00 | 0x05 | 0xff | 0xf2 | 0x00 | 0x09 | 0x00 | 0x0c | 0xff | 0xe7 | 0x03 | 0xfa | 0x1e | 0x00 | 0x13
remote 10.791575 R FIFO 0x45 | 0xe1 | 0x00 | 0x05 | 0xff | 0xf2 | 0x00 | 0x09 | 0x00 | 0x0c | 0xff | 0xe7 | 0x03 | 0xf8 | 0x1e | 0x00 | 0x15
remote 10.831613 R FIFO 0x45 | 0xe1 | 0x00 | 0x05 | 0xff | 0xf2 | 0x00 | 0x09 | 0x00 | 0x0b | 0xff | 0xe7 | 0x03 | 0xfa | 0x1e | 0x00 | 0x14
remote 10.871633 R FIFO 0x45 | 0xe1 | 0x00 | 0x05 | 0xff | 0xf2 | 0x00 | 0x09 | 0x00 | 0x0d | 0xff | 0xe7 | 0x03 | 0xf9 | 0x1e | 0x00 | 0x13
remote 10.911671 R FIFO 0x45 | 0xe1 | 0x00 | 0x06 | 0xff | 0xf2 | 0x00 | 0x09 | 0x00 | 0x0e | 0xff | 0xe8 | 0x03 | 0xf7 | 0x1e | 0x00 | 0x12
remote 10.952468 R FIFO 0x45 | 0xe1 | 0x00 | 0x06 | 0xff | 0xf2 | 0x00 | 0x09 | 0x00 | 0x0e | 0xff | 0xe7 | 0x03 | 0xf8 | 0x1e | 0x00 | 0x12
remote 10.992550 R FIFO 0x45 | 0xe1 | 0x00 | 0x06 | 0xff | 0xf2 | 0x00 | 0x09 | 0x00 | 0x0d | 0xff | 0xe7 | 0x03 | 0xfc | 0x1e | 0x00 | 0x0f
remote 11.031603 R FIFO 0x45 | 0xe1 | 0x00 | 0x06 | 0xff | 0xf2 | 0x00 | 0x09 | 0x00 | 0x0d | 0xff | 0xe6 | 0x03 | 0xf9 | 0x1e | 0x00 | 0x13
remote 11.071681 R FIFO 0x45 | 0xe1 | 0x00 | 0x06 | 0xff | 0xf2 | 0x00 | 0x09 | 0x00 | 0x0e | 0xff | 0xe6 | 0x03 | 0xfb | 0x1e | 0x00 | 0x10
remote 11.111603 R FIFO 0x45 | 0xe1 | 0x00 | 0x06 | 0xff | 0xf2 | 0x00 | 0x09 | 0x00 | 0x0f | 0xff | 0xe7 | 0x03 | 0xf8 | 0x1e | 0x00 | 0x11
remote 11.151673 R FIFO 0x45 | 0xe1 | 0x00 | 0x06 | 0xff | 0xf2 | 0x00 | 0x09 | 0x00 | 0x0f | 0xff | 0xe7 | 0x03 | 0xf7 | 0x1e | 0x00 | 0x12
remote 11.192440 R FIFO 0x45 | 0xe1 | 0x00 | 0x06 | 0xff | 0xf2 | 0x00 | 0x09 | 0x00 | 0x0e | 0xff | 0xe6 | 0x03 | 0xfb | 0x1e | 0x00 | 0x10
remote 11.232476 R FIFO 0x45 | 0xe1 | 0x00 | 0x06 | 0xff | 0xf2 | 0x00 | 0x09 | 0x00 | 0x10 | 0xff | 0xe7 | 0x03 | 0xf9 | 0x1e | 0x00 | 0x0f
remote 11.271577 R FIFO 0x45 | 0xe1 | 0x00 | 0x06 | 0xff | 0xf2 | 0x00 | 0x09 | 0x00 | 0x10 | 0xff | 0xe5 | 0x03 | 0xfa | 0x1e | 0x00 | 0x10
remote 11.311644 R FIFO 0x45 | 0xe1 | 0x00 | 0x06 | 0xff | 0xf2 | 0x00 | 0x09 | 0x00 | 0x10 | 0xff | 0xe7 | 0x03 | 0xf8 | 0x1e | 0x00 | 0x10
remote 11.351646 R FIFO 0x45 | 0xe1 | 0x00 | 0x06 | 0xff | 0xf2 | 0x00 | 0x09 | 0x00 | 0x0f | 0xff | 0xe6 | 0x03 | 0xf9 | 0x1e | 0x00 | 0x11
remote 11.391648 R FIFO 0x45 | 0xe1 | 0x00 | 0x06 | 0xff | 0xf2 | 0x00 | 0x09 | 0x00 | 0x10 | 0xff | 0xe7 | 0x03 | 0xf5 | 0x1e | 0x00 | 0x13
remote 11.432573 R FIFO 0x45 | 0xe1 | 0x00 | 0x07 | 0xff | 0xf2 | 0x00 | 0x09 | 0x00 | 0x10 | 0xff | 0xe6 | 0x03 | 0xfa | 0x1e | 0x00 | 0x0e
remote 11.471636 R FIFO 0x45 | 0xe1 | 0x00 | 0x07 | 0xff | 0xf2 | 0x00 | 0x09 | 0x00 | 0x13 | 0xff | 0xe6 | 0x03 | 0xf7 | 0x1e | 0x00 | 0x0e
remote 11.511705 R FIFO 0x45 | 0xe1 | 0x00 | 0x07 | 0xff | 0xf2 | 0x00 | 0x09 | 0x00 | 0x12 | 0xff | 0xe6 | 0x03 | 0xfa | 0x1e | 0x00 | 0x0c
remote 11.551771 R FIFO 0x45 | 0xe1 | 0x00 | 0x07 | 0xff | 0xf2 | 0x00 | 0x09 | 0x00 | 0x11 | 0xff | 0xe7 | 0x03 | 0xf7 | 0x1e | 0x00 | 0x0f
remote 11.591732 R FIFO 0x45 | 0xe1 | 0x00 | 0x07 | 0xff | 0xf2 | 0x00 | 0x09 | 0x00 | 0x12 | 0xff | 0xe7 | 0x03 | 0xf8 | 0x1e | 0x00 | 0x0d
remote 11.631690 R FIFO 0x45 | 0xe1 | 0x00 | 0x07 | 0xff | 0xf2 | 0x00 | 0x09 | 0x00 | 0x13 | 0xff | 0xe7 | 0x03 | 0xf7 | 0x1e | 0x00 | 0x0d
remote 11.672505 R FIFO 0x45 | 0xe1 | 0x00 | 0x09 | 0xff | 0xf2 | 0x00 | 0x09 | 0x00 | 0x14 | 0xff | 0xe6 | 0x03 | 0xfa | 0x1e | 0x00 | 0x08
remote 11.711724 R FIFO 0x45 | 0xe1 | 0x00 | 0x09 | 0xff | 0xf2 | 0x00 | 0x09 | 0x00 | 0x13 | 0xff | 0xe5 | 0x03 | 0xfb | 0x1e | 0x00 | 0x09
remote 11.751762 R FIFO 0x45 | 0xe1 | 0x00 | 0x09 | 0xff | 0xf2 | 0x00 | 0x09 | 0x00 | 0x12 | 0xff | 0xe5 | 0x03 | 0xf7 | 0x1e | 0x00 | 0x0e
remote 11.791742 R FIFO 0x45 | 0xe1 | 0x00 | 0x09 | 0xff | 0xf2 | 0x00 | 0x09 | 0x00 | 0x11 | 0xff | 0xe6 | 0x03 | 0xfb | 0x1e | 0x00 | 0x0a
remote 11.831729 R FIFO 0x45 | 0xe1 | 0x00 | 0x09 | 0xff | 0xf2 | 0x00 | 0x09 | 0x00 | 0x15 | 0xff | 0xe7 | 0x03 | 0xf7 | 0x1e | 0x00 | 0x09
remote 11.871836 R FIFO 0x45 | 0xe1 | 0x00 | 0x09 | 0xff | 0xf2 | 0x00 | 0x09 | 0x00 | 0x15 | 0xff | 0xe7 | 0x03 | 0xf9 | 0x1e | 0x00 | 0x07
remote 11.912588 R FIFO 0x45 | 0xe1 | 0x00 | 0x0a | 0xff | 0xf2 | 0x00 | 0x09 | 0x00 | 0x16 | 0xff | 0xe7 | 0x03 | 0xf6 | 0x1e | 0x00 | 0x08
remote 11.951815 R FIFO 0x45 | 0xe1 | 0x00 | 0x0a | 0xff | 0xf2 | 0x00 | 0x09 | 0x00 | 0x12 | 0xff | 0xe5 | 0x03 | 0xfa | 0x1e | 0x00 | 0x0a
remote 11.991847 R FIFO 0x45 | 0xe1 | 0x00 | 0x0a | 0xff | 0xf2 | 0x00 | 0x09 | 0x00 | 0x13 | 0xff | 0xe6 | 0x03 | 0xf8 | 0x1e | 0x00 | 0x0a
remote 12.031941 R FIFO 0x45 | 0xe1 | 0x00 | 0x0a | 0xff | 0xf2 | 0x00 | 0x09 | 0x00 | 0x13 | 0xff | 0xe6 | 0x03 | 0xfb | 0x1e | 0x00 | 0x07
remote 12.071878 R FIFO 0x45 | 0xe1 | 0x00 | 0x0a | 0xff | 0xf2 | 0x00 | 0x09 | 0x00 | 0x15 | 0xff | 0xe8 | 0x03 | 0xf6 | 0x1e | 0x00 | 0x08
remote 12.112535 R FIFO 0x45 | 0xe1 | 0x00 | 0x0a | 0xff | 0xf2 | 0x00 | 0x09 | 0x00 | 0x14 | 0xff | 0xe6 | 0x03 | 0xf9 | 0x1e | 0x00 | 0x08
remote 12.152614 R FIFO 0x45 | 0xe1 | 0x00 | 0x0a | 0xff | 0xf2 | 0x00 | 0x09 | 0x00 | 0x16 | 0xff | 0xe7 | 0x03 | 0xf8 | 0x1e | 0x00 | 0x06
remote 12.191880 R FIFO 0x45 | 0xe1 | 0x00 | 0x0a | 0xff | 0xf2 | 0x00 | 0x09 | 0x00 | 0x13 | 0xff | 0xe5 | 0x03 | 0xf9 | 0x1e | 0x00 | 0x0a
remote 12.231940 R FIFO 0x45 | 0xe1 | 0x00 | 0x0a | 0xff | 0xf2 | 0x00 | 0x09 | 0x00 | 0x13 | 0xff | 0xe6 | 0x03 | 0xf9 | 0x1e | 0x00 | 0x09
remote 12.272016 R FIFO 0x45 | 0xe1 | 0x00 | 0x0a | 0xff | 0xf2 | 0x00 | 0x09 | 0x00 | 0x14 | 0xff | 0xe7 | 0x03 | 0xf8 | 0x1e | 0x00 | 0x08
remote 12.311924 R FIFO 0x45 | 0xe1 | 0x00 | 0x0a | 0xff | 0xf2 | 0x00 | 0x09 | 0x00 | 0x14 | 0xff | 0xe7 | 0x03 | 0xf8 | 0x1e | 0x00 | 0x08
remote 12.352609 R FIFO 0x45 | 0xe1 | 0x00 | 0x0a | 0xff | 0xf2 | 0x00 | 0x09 | 0x00 | 0x15 | 0xff | 0xe7 | 0x03 | 0xf7 | 0x1e | 0x00 | 0x08
remote 12.391954 R FIFO 0x45 | 0xe1 | 0x00 | 0x0a | 0xff | 0xf2 | 0x00 | 0x09 | 0x00 | 0x14 | 0xff | 0xe6 | 0x03 | 0xfa | 0x1e | 0x00 | 0x07
remote 12.432061 R FIFO 0x45 | 0xe1 | 0x00 | 0x0a | 0xff | 0xf2 | 0x00 | 0x09 | 0x00 | 0x14 | 0xff | 0xe5 | 0x03 | 0xf7 | 0x1e | 0x00 | 0x0b
remote 12.472006 R FIFO 0x45 | 0xe1 | 0x00 | 0x0a | 0xff | 0xf2 | 0x00 | 0x09 | 0x00 | 0x14 | 0xff | 0xe6 | 0x03 | 0xfa | 0x1e | 0x00 | 0x07
remote 12.511953 R FIFO 0x45 | 0xe1 | 0x00 | 0x0a | 0xff | 0xf2 | 0x00 | 0x09 | 0x00 | 0x16 | 0xff | 0xe7 | 0x03 | 0xf5 | 0x1e | 0x00 | 0x09
remote 12.551978 R FIFO 0x45 | 0xe1 | 0x00 | 0x0a | 0xff | 0xf2 | 0x00 | 0x09 | 0x00 | 0x14 | 0xff | 0xe7 | 0x03 | 0xf9 | 0x1e | 0x00 | 0x07
remote 12.592697 R FIFO 0x45 | 0xe1 | 0x00 | 0x0a | 0xff | 0xf2 | 0x00 | 0x09 | 0x00 | 0x16 | 0xff | 0xe7 | 0x03 | 0xf8 | 0x1e | 0x00 | 0x06
remote 12.632075 R FIFO 0x45 | 0xe1 | 0x00 | 0x0a | 0xff | 0xf2 | 0x00 | 0x09 | 0x00 | 0x13 | 0xff | 0xe5 | 0x03 | 0xfa | 0x1f | 0x00 | 0x08
remote 12.672038 R FIFO 0x45 | 0xe1 | 0x00 | 0x0a | 0xff | 0xf2 | 0x00 | 0x09 | 0x00 | 0x14 | 0xff | 0xe6 | 0x03 | 0xf8 | 0x1f | 0x00 | 0x08
remote 12.712003 R FIFO 0x45 | 0xe1 | 0x00 | 0x0a | 0xff | 0xf2 | 0x00 | 0x09 | 0x00 | 0x14 | 0xff | 0xe6 | 0x03 | 0xf8 | 0x1f | 0x00 | 0x08
remote 12.752120 R FIFO 0x45 | 0xe1 | 0x00 | 0x0a | 0xff | 0xf2 | 0x00 | 0x09 | 0x00 | 0x15 | 0xff | 0xe8 | 0x03 | 0xf5 | 0x1f | 0x00 | 0x08
remote 12.792648 R FIFO 0x45 | 0xe1 | 0x00 | 0x0a | 0xff | 0xf2 | 0x00 | 0x09 | 0x00 | 0x14 | 0xff | 0xe7 | 0x03 | 0xf8 | 0x1f | 0x00 | 0x07
remote 12.832708 R FIFO 0x45 | 0xe1 | 0x00 | 0x0a | 0xff | 0xf2 | 0x00 | 0x09 | 0x00 | 0x14 | 0xff | 0xe6 | 0x03 | 0xf9 | 0x1f | 0x00 | 0x07
remote 12.872155 R FIFO 0x45 | 0xe1 | 0x00 | 0x0a | 0xff | 0xf2 | 0x00 | 0x09 | 0x00 | 0x14 | 0xff | 0xe6 | 0x03 | 0xf9 | 0x1f | 0x00 | 0x07
remote 12.912230 R FIFO 0x45 | 0xe1 | 0x00 | 0x0a | 0xff | 0xf2 | 0x00 | 0x09 | 0x00 | 0x14 | 0xff | 0xe7 | 0x03 | 0xfa | 0x1f | 0x00 | 0x05
remote 12.952171 R FIFO 0x45 | 0xe1 | 0x00 | 0x0a | 0xff | 0xf2 | 0x00 | 0x09 | 0x00 | 0x14 | 0xff | 0xe6 | 0x03 | 0xf7 | 0x1f | 0x00 | 0x09
remote 12.992114 R FIFO 0x45 | 0xe1 | 0x00 | 0x0a | 0xff | 0xf2 | 0x00 | 0x09 | 0x00 | 0x14 | 0xff | 0xe8 | 0x03 | 0xf9 | 0x1f | 0x00 | 0x05
remote 13.032745 R FIFO 0x45 | 0xe1 | 0x00 | 0x0a | 0xff | 0xf2 | 0x00 | 0x09 | 0x00 | 0x14 | 0xff | 0xe6 | 0x03 | 0xf8 | 0x1f | 0x00 | 0x08
remote 13.072251 R FIFO 0x45 | 0xe1 | 0x00 | 0x0a | 0xff | 0xf2 | 0x00 | 0x09 | 0x00 | 0x13 | 0xff | 0xe5 | 0x03 | 0xfa | 0x1f | 0x00 | 0x08
remote 13.112227 R FIFO 0x45 | 0xe1 | 0x00 | 0x0a | 0xff | 0xf2 | 0x00 | 0x09 | 0x00 | 0x13 | 0xff | 0xe6 | 0x03 | 0xf9 | 0x1f | 0x00 | 0x08
remote 13.152188 R FIFO 0x45 | 0xe1 | 0x00 | 0x0a | 0xff | 0xf2 | 0x00 | 0x09 | 0x00 | 0x14 | 0xff | 0xe7 | 0x03 | 0xf9 | 0x1f | 0x00 | 0x06
remote 13.192181 R FIFO 0x45 | 0xe1 | 0x00 | 0x0a | 0xff | 0xf2 | 0x00 | 0x09 | 0x00 | 0x14 | 0xff | 0xe6 | 0x03 | 0xf7 | 0x1f | 0x00 | 0x09
remote 13.232276 R FIFO 0x45 | 0xe1 | 0x00 | 0x0a | 0xff | 0xf2 | 0x00 | 0x09 | 0x00 | 0x14 | 0xff | 0xe7 | 0x03 | 0xf9 | 0x1f | 0x00 | 0x06
remote 13.272764 R FIFO 0x45 | 0xe1 | 0x00 | 0x0a | 0xff | 0xf2 | 0x00 | 0x09 | 0x00 | 0x15 | 0xff | 0xe7 | 0x03 | 0xf8 | 0x1f | 0x00 | 0x06
remote 13.312270 R FIFO 0x45 | 0xe1 | 0x00 | 0x0a | 0xff | 0xf2 | 0x00 | 0x09 | 0x00 | 0x13 | 0xff | 0xe5 | 0x03 | 0xfa | 0x1f | 0x00 | 0x08
remote 13.352237 R FIFO 0x45 | 0xe1 | 0x00 | 0x0a | 0xff | 0xf2 | 0x00 | 0x09 | 0x00 | 0x14 | 0xff | 0xe5 | 0x03 | 0xfa | 0x1f | 0x00 | 0x07
remote 13.392318 R FIFO 0x45 | 0xe1 | 0x00 | 0x0a | 0xff | 0xf2 | 0x00 | 0x09 | 0x00 | 0x14 | 0xff | 0xe6 | 0x03 | 0xf8 | 0x1f | 0x00 | 0x08
remote 13.432269 R FIFO 0x45 | 0xe1 | 0x00 | 0x0a | 0xff | 0xf2 | 0x00 | 0x09 | 0x00 | 0x14 | 0xff | 0xe6 | 0x03 | 0xf7 | 0x1f | 0x00 | 0x09
remote 13.472782 R FIFO 0x45 | 0xe1 | 0x00 | 0x0a | 0xff | 0xf2 | 0x00 | 0x09 | 0x00 | 0x15 | 0xff | 0xe6 | 0x03 | 0xf7 | 0x1f | 0x00 | 0x08
remote 13.512702 R FIFO 0x45 | 0xe1 | 0x00 | 0x0a | 0xff | 0xf2 | 0x00 | 0x09 | 0x00 | 0x14 | 0xff | 0xe5 | 0x03 | 0xfb | 0x1f | 0x00 | 0x06
remote 13.552278 R FIFO 0x45 | 0xe1 | 0x00 | 0x0a | 0xff | 0xf2 | 0x00 | 0x09 | 0x00 | 0x13 | 0xff | 0xe5 | 0x03 | 0xf9 | 0x1f | 0x00 | 0x09
remote 13.592359 R FIFO 0x45 | 0xe1 | 0x00 | 0x0a | 0xff | 0xf2 | 0x00 | 0x09 | 0x00 | 0x13 | 0xff | 0xe7 | 0x03 | 0xfb | 0x1f | 0x00 | 0x05
remote 13.632404 R FIFO 0x45 | 0xe1 | 0x00 | 0x0a | 0xff | 0xf2 | 0x00 | 0x09 | 0x00 | 0x15 | 0xff | 0xe7 | 0x03 | 0xf8 | 0x1f | 0x00 | 0x06
remote 13.672352 R FIFO 0x45 | 0xe1 | 0x00 | 0x0a | 0xff | 0xf2 | 0x00 | 0x09 | 0x00 | 0x14 | 0xff | 0xe7 | 0x03 | 0xf8 | 0x21 | 0x00 | 0x05
remote 13.712791 R FIFO 0x45 | 0xe1 | 0x00 | 0x0a | 0xff | 0xf2 | 0x00 | 0x09 | 0x00 | 0x15 | 0xff | 0xe6 | 0x03 | 0xf9 | 0x21 | 0x00 | 0x04
remote 13.752413 R FIFO 0x45 | 0xe1 | 0x00 | 0x0a | 0xff | 0xf2 | 0x00 | 0x09 | 0x00 | 0x13 | 0xff | 0xe6 | 0x03 | 0xfa | 0x21 | 0x00 | 0x05
remote 13.792404 R FIFO 0x45 | 0xe1 | 0x00 | 0x0a | 0xff | 0xf2 | 0x00 | 0x09 | 0x00 | 0x13 | 0xff | 0xe5 | 0x03 | 0xf8 | 0x21 | 0x00 | 0x08
remote 13.832528 R FIFO 0x45 | 0xe1 | 0x00 | 0x0a | 0xff | 0xf2 | 0x00 | 0x09 | 0x00 | 0x14 | 0xff | 0xe6 | 0x03 | 0xf9 | 0x21 | 0x00 | 0x05
remote 13.872413 R FIFO 0x45 | 0xe1 | 0x00 | 0x0a | 0xff | 0xf2 | 0x00 | 0x09 | 0x00 | 0x16 | 0xff | 0xe7 | 0x03 | 0xf7 | 0x21 | 0x00 | 0x04
remote 13.912438 R FIFO 0x45 | 0xe1 | 0x00 | 0x0a | 0xff | 0xf2 | 0x00 | 0x09 | 0x00 | 0x15 | 0xff | 0xe7 | 0x03 | 0xf8 | 0x21 | 0x00 | 0x04
remote 13.952896 R FIFO 0x45 | 0xe1 | 0x00 | 0x0a | 0xff | 0xf2 | 0x00 | 0x09 | 0x00 | 0x15 | 0xff | 0xe6 | 0x03 | 0xf9 | 0x21 | 0x00 | 0x04
remote 13.992490 R FIFO 0x45 | 0xe1 | 0x00 | 0x0a | 0xff | 0xf2 | 0x00 | 0x09 | 0x00 | 0x14 | 0xff | 0xe6 | 0x03 | 0xf8 | 0x21 | 0x00 | 0x06
remote 14.032464 R FIFO 0x45 | 0xe1 | 0x00 | 0x0a | 0xff | 0xf2 | 0x00 | 0x09 | 0x00 | 0x12 | 0xff | 0xe5 | 0x03 | 0xf8 | 0x21 | 0x00 | 0x09
remote 14.072499 R FIFO 0x45 | 0xe1 | 0x00 | 0x0a | 0xff | 0xf2 | 0x00 | 0x09 | 0x00 | 0x14 | 0xff | 0xe7 | 0x03 | 0xf6 | 0x21 | 0x00 | 0x07
remote 14.112534 R FIFO 0x45 | 0xe1 | 0x00 | 0x0a | 0xff | 0xf2 | 0x00 | 0x09 | 0x00 | 0x15 | 0xff | 0xe7 | 0x03 | 0xfa | 0x21 | 0x00 | 0x02
remote 14.152831 R FIFO 0x45 | 0xe1 | 0x00 | 0x0a | 0xff | 0xf2 | 0x00 | 0x09 | 0x00 | 0x15 | 0xff | 0xe7 | 0x03 | 0xf5 | 0x21 | 0x00 | 0x07
remote 14.192879 R FIFO 0x45 | 0xe1 | 0x00 | 0x0a | 0xff | 0xf2 | 0x00 | 0x09 | 0x00 | 0x13 | 0xff | 0xe6 | 0x03 | 0xfa | 0x21 | 0x00 | 0x05
remote 14.232624 R FIFO 0x45 | 0xe1 | 0x00 | 0x0a | 0xff | 0xf2 | 0x00 | 0x09 | 0x00 | 0x14 | 0xff | 0xe6 | 0x03 | 0xf9 | 0x21 | 0x00 | 0x05
remote 14.272550 R FIFO 0x45 | 0xe1 | 0x00 | 0x0a | 0xff | 0xf2 | 0x00 | 0x09 | 0x00 | 0x14 | 0xff | 0xe7 | 0x03 | 0xfb | 0x21 | 0x00 | 0x02
remote 14.312630 R FIFO 0x45 | 0xe1 | 0x00 | 0x0a | 0xff | 0xf2 | 0x00 | 0x09 | 0x00 | 0x15 | 0xff | 0xe7 | 0x03 | 0xf9 | 0x21 | 0x00 | 0x03
remote 14.352626 R FIFO 0x45 | 0xe1 | 0x00 | 0x0a | 0xff | 0xf2 | 0x00 | 0x09 | 0x00 | 0x14 | 0xff | 0xe7 | 0x03 | 0xf9 | 0x21 | 0x00 | 0x04
remote 14.392908 R FIFO 0x45 | 0xe1 | 0x00 | 0x0a | 0xff | 0xf2 | 0x00 | 0x09 | 0x00 | 0x16 | 0xff | 0xe7 | 0x03 | 0xf8 | 0x21 | 0x00 | 0x03
remote 14.432875 R FIFO 0x45 | 0xe1 | 0x00 | 0x0a | 0xff | 0xf2 | 0x00 | 0x09 | 0x00 | 0x13 | 0xff | 0xe6 | 0x03 | 0xf9 | 0x21 | 0x00 | 0x06
remote 14.472618 R FIFO 0x45 | 0xe1 | 0x00 | 0x0a | 0xff | 0xf2 | 0x00 | 0x09 | 0x00 | 0x13 | 0xff | 0xe5 | 0x03 | 0xfb | 0x21 | 0x00 | 0x05
remote 14.512597 R FIFO 0x45 | 0xe1 | 0x00 | 0x0a | 0xff | 0xf2 | 0x00 | 0x09 | 0x00 | 0x14 | 0xff | 0xe6 | 0x03 | 0xf8 | 0x21 | 0x00 | 0x06
remote 14.552711 R FIFO 0x45 | 0xe1 | 0x00 | 0x0a | 0xff | 0xf2 | 0x00 | 0x09 | 0x00 | 0x14 | 0xff | 0xe6 | 0x03 | 0xf8 | 0x21 | 0x00 | 0x06
remote 14.592706 R FIFO 0x45 | 0xe1 | 0x00 | 0x0a | 0xff | 0xf2 | 0x00 | 0x09 | 0x00 | 0x15 | 0xff | 0xe7 | 0x03 | 0xf7 | 0x21 | 0x00 | 0x05
remote 14.632876 R FIFO 0x45 | 0xe1 | 0x00 | 0x0a | 0xff | 0xf2 | 0x00 | 0x09 | 0x00 | 0x14 | 0xff | 0xe6 | 0x03 | 0xfc | 0x21 | 0x00 | 0x02
remote 14.672758 R FIFO 0x45 | 0xe1 | 0x00 | 0x0a | 0xff | 0xf2 | 0x00 | 0x09 | 0x00 | 0x14 | 0xff | 0xe6 | 0x03 | 0xf8 | 0x23 | 0x00 | 0x04
remote 14.712692 R FIFO 0x45 | 0xe1 | 0x00 | 0x0a | 0xff | 0xf2 | 0x00 | 0x09 | 0x00 | 0x13 | 0xff | 0xe5 | 0x03 | 0xfb | 0x23 | 0x00 | 0x03
remote 14.792769 R FIFO 0x45 | 0xe1 | 0x00 | 0x0a | 0xff | 0xf2 | 0x00 | 0x09 | 0x00 | 0x15 | 0xff | 0xe7 | 0x03 | 0xf9 | 0x23 | 0x00 | 0x01
remote 14.832920 R FIFO 0x45 | 0xe1 | 0x00 | 0x0a | 0xff | 0xf2 | 0x00 | 0x09 | 0x00 | 0x14 | 0xff | 0xe6 | 0x03 | 0xf8 | 0x23 | 0xc0 | 0x04
remote 14.872877 R FIFO 0x45 | 0xe1 | 0x00 | 0x0a | 0xff | 0xf2 | 0x00 | 0x09 | 0x00 | 0x14 | 0xff | 0xe6 | 0x03 | 0xfa | 0x23 | 0x00 | 0x02
remote 14.912763 R FIFO 0x45 | 0xe1 | 0x00 | 0x0a | 0xff | 0xf2 | 0x00 | 0x09 | 0x00 | 0x13 | 0xff | 0xe5 | 0x03 | 0xf7 | 0x23 | 0x00 | 0x07
remote 14.952842 R FIFO 0x45 | 0xe1 | 0x00 | 0x0a | 0xff | 0xf2 | 0x00 | 0x09 | 0x00 | 0x13 | 0xff | 0xe7 | 0x03 | 0xf7 | 0x23 | 0x00 | 0x05
remote 14.992802 R FIFO 0x45 | 0xe1 | 0x00 | 0x0a | 0xff | 0xf2 | 0x00 | 0x09 | 0x00 | 0x13 | 0xff | 0xe6 | 0x03 | 0xf9 | 0x23 | 0x00 | 0x04
remote 15.032850 R FIFO 0x45 | 0xe1 | 0x00 | 0x0a | 0xff | 0xf2 | 0x00 | 0x09 | 0x00 | 0x15 | 0xff | 0xe7 | 0x03 | 0xf6 | 0x23 | 0x00 | 0x04
remote 15.072960 R FIFO 0x45 | 0xe1 | 0x00 | 0x0a | 0xff | 0xf2 | 0x00 | 0x09 | 0x00 | 0x12 | 0xff | 0xe5 | 0x03 | 0xfb | 0x23 | 0x00 | 0x04
remote 15.113556 R FIFO 0x45 | 0xe1 | 0x00 | 0x0a | 0xff | 0xf2 | 0x00 | 0x09 | 0x00 | 0x13 | 0xff | 0xe5 | 0x03 | 0xf9 | 0x23 | 0x00 | 0x05
remote 15.152895 R FIFO 0x45 | 0xe1 | 0x00 | 0x0a | 0xff | 0xf2 | 0x00 | 0x09 | 0x00 | 0x13 | 0xff | 0xe5 | 0x03 | 0xfa | 0x23 | 0x00 | 0x04
remote 15.192832 R FIFO 0x45 | 0xe1 | 0x00 | 0x0a | 0xff | 0xf2 | 0x00 | 0x09 | 0x00 | 0x14 | 0xff | 0xe7 | 0x03 | 0xf4 | 0x23 | 0x00 | 0x07
remote 15.232817 R FIFO 0x45 | 0xe1 | 0x00 | 0x0a | 0xff | 0xf2 | 0x00 | 0x09 | 0x00 | 0x13 | 0xff | 0xe6 | 0x03 | 0xf9 | 0x23 | 0x00 | 0x04
remote 15.272879 R FIFO 0x45 | 0xe1 | 0x00 | 0x0a | 0xff | 0xf2 | 0x00 | 0x09 | 0x00 | 0x16 | 0xff | 0xe7 | 0x03 | 0xf6 | 0x23 | 0x00 | 0x03
remote 15.313008 R FIFO 0x45 | 0xe1 | 0x00 | 0x0a | 0xff | 0xf2 | 0x00 | 0x08 | 0x00 | 0x14 | 0xff | 0xe5 | 0x03 | 0xf9 | 0x23 | 0x00 | 0x05
remote 15.352843 R FIFO 0x45 | 0xe1 | 0x00 | 0x0a | 0xff | 0xf2 | 0x00 | 0x08 | 0x00 | 0x13 | 0xff | 0xe6 | 0x03 | 0xf8 | 0x23 | 0x00 | 0x06
remote 15.392890 R FIFO 0x45 | 0xe1 | 0x00 | 0x0a | 0xff | 0xf2 | 0x00 | 0x08 | 0x00 | 0x14 | 0xff | 0xe6 | 0x03 | 0xfa | 0x23 | 0x00 | 0x03
remote 15.432927 R FIFO 0x45 | 0xe1 | 0x00 | 0x0a | 0xff | 0xf2 | 0x00 | 0x08 | 0x00 | 0x14 | 0xff | 0xe7 | 0x03 | 0xf8 | 0x23 | 0x00 | 0x04
remote 15.472929 R FIFO 0x45 | 0xe1 | 0x00 | 0x0a | 0xff | 0xf2 | 0x00 | 0x08 | 0x00 | 0x16 | 0xff | 0xe7 | 0x03 | 0xf8 | 0x23 | 0x00 | 0x02
remote 15.513019 R FIFO 0x45 | 0xe1 | 0x00 | 0x0a | 0xff | 0xf2 | 0x00 | 0x08 | 0x00 | 0x15 | 0xff | 0xe8 | 0x03 | 0xf7 | 0x23 | 0x00 | 0x03
remote 15.553031 R FIFO 0x45 | 0xe1 | 0x00 | 0x0a | 0xff | 0xf2 | 0x00 | 0x08 | 0x00 | 0x14 | 0xff | 0xe5 | 0x03 | 0xf9 | 0x23 | 0x00 | 0x05
remote 15.593002 R FIFO 0x45 | 0xe1 | 0x00 | 0x0a | 0xff | 0xf2 | 0x00 | 0x08 | 0x00 | 0x13 | 0xff | 0xe5 | 0x03 | 0xfa | 0x23 | 0x00 | 0x05
remote 15.633046 R FIFO 0x45 | 0xe1 | 0x00 | 0x0a | 0xff | 0xf2 | 0x00 | 0x08 | 0x00 | 0x14 | 0xff | 0xe6 | 0x03 | 0xf7 | 0x23 | 0x00 | 0x06
remote 15.673037 R FIFO 0x45 | 0xe1 | 0x00 | 0x0a | 0xff | 0xf2 | 0x00 | 0x08 | 0x00 | 0x14 | 0xff | 0xe6 | 0x03 | 0xfa | 0x25 | 0x00 | 0x01
remote 15.713032 R FIFO 0x45 | 0xe1 | 0x00 | 0x0a | 0xff | 0xf2 | 0x00 | 0x08 | 0x00 | 0x16 | 0xff | 0xe7 | 0x03 | 0xf8 | 0x25 | 0x00 | 0x00
remote 15.753098 R FIFO 0x45 | 0xe1 | 0x00 | 0x0a | 0xff | 0xf2 | 0x00 | 0x08 | 0x00 | 0x13 | 0xff | 0xe5 | 0x03 | 0xfa | 0x25 | 0x00 | 0x03
remote 15.793029 R FIFO 0x45 | 0xe1 | 0x00 | 0x0a | 0xff | 0xf2 | 0x00 | 0x08 | 0x00 | 0x13 | 0xff | 0xe6 | 0x03 | 0xf9 | 0x25 | 0x00 | 0x03
remote 15.833064 R FIFO 0x45 | 0xe1 | 0x00 | 0x0a | 0xff | 0xf2 | 0x00 | 0x08 | 0x00 | 0x13 | 0xff | 0xe5 | 0x03 | 0xfb | 0x25 | 0x00 | 0x02
remote 15.872998 R FIFO 0x45 | 0xe1 | 0x00 | 0x0a | 0xff | 0xf2 | 0x00 | 0x08 | 0x00 | 0x15 | 0xff | 0xe7 | 0x03 | 0xf6 | 0x25 | 0x00 | 0x03
remote 15.913077 R FIFO 0x45 | 0xe1 | 0x00 | 0x0a | 0xff | 0xf2 | 0x00 | 0x08 | 0x00 | 0x14 | 0xff | 0xe6 | 0x03 | 0xf8 | 0x25 | 0x00 | 0x03
remote 15.953055 R FIFO 0x45 | 0xe1 | 0x00 | 0x0a | 0xff | 0xf2 | 0x00 | 0x08 | 0x00 | 0x16 | 0xff | 0xe8 | 0x03 | 0xf7 | 0x25 | 0x00 | 0x00
remote 15.993083 R FIFO 0x45 | 0xe1 | 0x00 | 0x0a | 0xff | 0xf2 | 0x00 | 0x08 | 0x00 | 0x14 | 0xff | 0xe6 | 0x03 | 0xf9 | 0x25 | 0x00 | 0x02
remote 16.033201 R FIFO 0x45 | 0xe1 | 0x00 | 0x0a | 0xff | 0xf2 | 0x00 | 0x08 | 0x00 | 0x13 | 0xff | 0xe5 | 0x03 | 0xf9 | 0x25 | 0x00 | 0x04
remote 16.073121 R FIFO 0x45 | 0xe1 | 0x00 | 0x0a | 0xff | 0xf2 | 0x00 | 0x08 | 0x00 | 0x14 | 0xff | 0xe6 | 0x03 | 0xf9 | 0x25 | 0x00 | 0x02
remote 16.113206 R FIFO 0x45 | 0xe1 | 0x00 | 0x0a | 0xff | 0xf2 | 0x00 | 0x08 | 0x00 | 0x14 | 0xff | 0xe6 | 0x03 | 0xf8 | 0x25 | 0x00 | 0x03
remote 16.153117 R FIFO 0x45 | 0xe1 | 0x00 | 0x0a | 0xff | 0xf2 | 0x00 | 0x08 | 0x00 | 0x15 | 0xff | 0xe7 | 0x03 | 0xf6 | 0x25 | 0x00 | 0x03
remote 16.193166 R FIFO 0x45 | 0xe1 | 0x00 | 0x0a | 0xff | 0xf2 | 0x00 | 0x08 | 0x00 | 0x15 | 0xff | 0xe7 | 0x03 | 0xfa | 0x25 | 0x00 | 0xff
remote 16.233212 R FIFO 0x45 | 0xe1 | 0x00 | 0x0a | 0xff | 0xf2 | 0x00 | 0x08 | 0x00 | 0x15 | 0xff | 0xe6 | 0x03 | 0xf7 | 0x25 | 0x00 | 0x03
remote 16.273132 R FIFO 0x45 | 0xe1 | 0x00 | 0x0a | 0xff | 0xf2 | 0x00 | 0x08 | 0x00 | 0x13 | 0xff | 0xe6 | 0x03 | 0xf9 | 0x25 | 0x00 | 0x03
remote 16.313233 R FIFO 0x45 | 0xe1 | 0x00 | 0x0a | 0xff | 0xf2 | 0x00 | 0x08 | 0x00 | 0x14 | 0xff | 0xe7 | 0x03 | 0xf8 | 0x25 | 0x00 | 0x02
remote 16.353180 R FIFO 0x45 | 0xe1 | 0x00 | 0x0a | 0xff | 0xf2 | 0x00 | 0x08 | 0x00 | 0x14 | 0xff | 0xe6 | 0x03 | 0xf9 | 0x25 | 0x00 | 0x02
remote 16.393176 R FIFO 0x45 | 0xe1 | 0x00 | 0x0a | 0xff | 0xf2 | 0x00 | 0x08 | 0x00 | 0x16 | 0xff | 0xe7 | 0x03 | 0xf7 | 0x25 | 0x00 | 0x01
remote 16.433239 R FIFO 0x45 | 0xe1 | 0x00 | 0x0a | 0xff | 0xf2 | 0x00 | 0x08 | 0x00 | 0x13 | 0xff | 0xe5 | 0x03 | 0xfa | 0x25 | 0x00 | 0x03
remote 16.473261 R FIFO 0x45 | 0xe1 | 0x00 | 0x0a | 0xff | 0xf2 | 0x00 | 0x08 | 0x00 | 0x13 | 0xff | 0xe5 | 0x03 | 0xfb | 0x25 | 0x00 | 0x02
remote 16.513229 R FIFO 0x45 | 0xe1 | 0x00 | 0x0a | 0xff | 0xf2 | 0x00 | 0x08 | 0x00 | 0x13 | 0xff | 0xe5 | 0x03 | 0xfa | 0x25 | 0x00 | 0x03
remote 16.553319 R FIFO 0x45 | 0xe1 | 0x00 | 0x0a | 0xff | 0xf2 | 0x00 | 0x08 | 0x00 | 0x14 | 0xff | 0xe7 | 0x03 | 0xf7 | 0x25 | 0x00 | 0x03
remote 16.593285 R FIFO 0x45 | 0xe1 | 0x00 | 0x0a | 0xff | 0xf2 | 0x00 | 0x08 | 0x00 | 0x15 | 0xff | 0xe7 | 0x03 | 0xf6 | 0x25 | 0x00 | 0x03
remote 16.633319 R FIFO 0x45 | 0xe1 | 0x00 | 0x0a | 0xff | 0xf2 | 0x00 | 0x08 | 0x00 | 0x15 | 0xff | 0xe7 | 0x03 | 0xf8 | 0x25 | 0x00 | 0x01
remote 16.673289 R FIFO 0x45 | 0xe1 | 0x00 | 0x0a | 0xff | 0xf2 | 0x00 | 0x08 | 0x00 | 0x14 | 0xff | 0xe6 | 0x03 | 0xfa | 0x28 | 0x00 | 0xfe
remote 16.713360 R FIFO 0x45 | 0xe1 | 0x00 | 0x0a | 0xff | 0xf2 | 0x00 | 0x08 | 0x00 | 0x13 | 0xff | 0xe5 | 0x03 | 0xfa | 0x28 | 0x00 | 0x00
remote 16.753392 R FIFO 0x45 | 0xe1 | 0x00 | 0x0a | 0xff | 0xf2 | 0x00 | 0x08 | 0x00 | 0x14 | 0xff | 0xe6 | 0x03 | 0xf7 | 0x28 | 0x00 | 0x01
remote 16.793326 R FIFO 0x45 | 0xe1 | 0x00 | 0x0a | 0xff | 0xf2 | 0x00 | 0x08 | 0x00 | 0x13 | 0xff | 0xe6 | 0x03 | 0xfa | 0x28 | 0x00 | 0xff
remote 16.833398 R FIFO 0x45 | 0xe1 | 0x00 | 0x0a | 0xff | 0xf2 | 0x00 | 0x08 | 0x00 | 0x16 | 0xff | 0xe7 | 0x03 | 0xf8 | 0x28 | 0x00 | 0xfd
remote 16.873389 R FIFO 0x45 | 0xe1 | 0x00 | 0x0a | 0xff | 0xf2 | 0x00 | 0x08 | 0x00 | 0x15 | 0xff | 0xe7 | 0x03 | 0xfa | 0x28 | 0x00 | 0xfc
remote 16.913412 R FIFO 0x45 | 0xe1 | 0x00 | 0x0a | 0xff | 0xf2 | 0x00 | 0x08 | 0x00 | 0x13 | 0xff | 0xe5 | 0x03 | 0xfa | 0x28 | 0x00 | 0x00
remote 16.953405 R FIFO 0x45 | 0xe1 | 0x00 | 0x0a | 0xff | 0xf2 | 0x00 | 0x08 | 0x00 | 0x13 | 0xff | 0xe6 | 0x03 | 0xf8 | 0x28 | 0x00 | 0x01
remote 16.993360 R FIFO 0x45 | 0xe1 | 0x00 | 0x0a | 0xff | 0xf2 | 0x00 | 0x08 | 0x00 | 0x15 | 0xff | 0xe7 | 0x03 | 0xf6 | 0x28 | 0x00 | 0x00
remote 17.033458 R FIFO 0x45 | 0xe1 | 0x00 | 0x0a | 0xff | 0xf2 | 0x00 | 0x08 | 0x00 | 0x14 | 0xff | 0xe6 | 0x03 | 0xf7 | 0x28 | 0x00 | 0x01
remote 17.073463 R FIFO 0x45 | 0xe1 | 0x00 | 0x0a | 0xff | 0xf2 | 0x00 | 0x08 | 0x00 | 0x17 | 0xff | 0xe7 | 0x03 | 0xf8 | 0x28 | 0x00 | 0xfc
remote 17.113396 R FIFO 0x45 | 0xe1 | 0x00 | 0x0a | 0xff | 0xf2 | 0x00 | 0x08 | 0x00 | 0x14 | 0xff | 0xe5 | 0x03 | 0xf9 | 0x28 | 0x00 | 0x00
remote 17.153554 R FIFO 0x45 | 0xe1 | 0x00 | 0x0a | 0xff | 0xf2 | 0x00 | 0x08 | 0x00 | 0x14 | 0xff | 0xe5 | 0x03 | 0xf8 | 0x28 | 0x00 | 0x01
remote 17.193549 R FIFO 0x45 | 0xe1 | 0x00 | 0x0a | 0xff | 0xf2 | 0x00 | 0x08 | 0x00 | 0x14 | 0xff | 0xe6 | 0x03 | 0xf8 | 0x28 | 0x00 | 0x00
remote 17.233495 R FIFO 0x45 | 0xe1 | 0x00 | 0x0a | 0xff | 0xf2 | 0x00 | 0x08 | 0x00 | 0x14 | 0xff | 0xe6 | 0x03 | 0xf9 | 0x28 | 0x00 | 0xff
remote 17.273580 R FIFO 0x45 | 0xe1 | 0x00 | 0x0a | 0xff | 0xf2 | 0x00 | 0x08 | 0x00 | 0x16 | 0xff | 0xe7 | 0x03 | 0xf5 | 0x28 | 0x00 | 0x00
remote 17.313507 R FIFO 0x45 | 0xe1 | 0x00 | 0x0a | 0xff | 0xf2 | 0x00 | 0x08 | 0x00 | 0x15 | 0xff | 0xe7 | 0x03 | 0xf7 | 0x28 | 0x00 | 0xff
remote 17.353530 R FIFO 0x45 | 0xe1 | 0x00 | 0x0a | 0xff | 0xf2 | 0x00 | 0x08 | 0x00 | 0x14 | 0xff | 0xe5 | 0x03 | 0xf8 | 0x28 | 0x00 | 0x01
remote 17.393614 R FIFO 0x45 | 0xe1 | 0x00 | 0x0a | 0xff | 0xf2 | 0x00 | 0x08 | 0x00 | 0x13 | 0xff | 0xe5 | 0x03 | 0xf9 | 0x28 | 0x00 | 0x01
remote 17.433519 R FIFO 0x45 | 0xe1 | 0x00 | 0x0a | 0xff | 0xf2 | 0x00 | 0x08 | 0x00 | 0x15 | 0xff | 0xe7 | 0x03 | 0xf7 | 0x28 | 0x00 | 0xff
remote 17.473580 R FIFO 0x45 | 0xe1 | 0x00 | 0x0a | 0xff | 0xf2 | 0x00 | 0x08 | 0x00 | 0x14 | 0xff | 0xe6 | 0x03 | 0xf9 | 0x28 | 0x00 | 0xff
remote 17.513610 R FIFO 0x45 | 0xe1 | 0x00 | 0x0a | 0xff | 0xf2 | 0x00 | 0x08 | 0x00 | 0x15 | 0xff | 0xe7 | 0x03 | 0xf6 | 0x28 | 0x00 | 0x00
remote 17.553527 R FIFO 0x45 | 0xe1 | 0x00 | 0x0a | 0xff | 0xf2 | 0x00 | 0x08 | 0x00 | 0x15 | 0xff | 0xe7 | 0x03 | 0xf7 | 0x28 | 0x00 | 0xff
remote 17.593592 R FIFO 0x45 | 0xe1 | 0x00 | 0x0a | 0xff | 0xf2 | 0x00 | 0x08 | 0x00 | 0x13 | 0xff | 0xe5 | 0x03 | 0xf9 | 0x28 | 0x00 | 0x01
remote 17.633650 R FIFO 0x45 | 0xe1 | 0x00 | 0x0a | 0xff | 0xf2 | 0x00 | 0x08 | 0x00 | 0x13 | 0xff | 0xe6 | 0x03 | 0xf7 | 0x28 | 0x00 | 0x02
remote 17.673591 R FIFO 0x45 | 0xe1 | 0x00 | 0x0a | 0xff | 0xf2 | 0x00 | 0x08 | 0x00 | 0x13 | 0xff | 0xe5 | 0x03 | 0xf8 | 0x2b | 0x00 | 0xff
remote 17.713663 R FIFO 0x45 | 0xe1 | 0x00 | 0x0a | 0xff | 0xf2 | 0x00 | 0x08 | 0x00 | 0x16 | 0xff | 0xe7 | 0x03 | 0xf7 | 0x2b | 0x00 | 0xfb
remote 17.753629 R FIFO 0x45 | 0xe1 | 0x00 | 0x0a | 0xff | 0xf2 | 0x00 | 0x08 | 0x00 | 0x15 | 0xff | 0xe7 | 0x03 | 0xf7 | 0x2b | 0x00 | 0xfc
remote 17.793662 R FIFO 0x45 | 0xe1 | 0x00 | 0x0a | 0xff | 0xf2 | 0x00 | 0x08 | 0x00 | 0x14 | 0xff | 0xe6 | 0x03 | 0xf7 | 0x2b | 0x00 | 0xfe
remote 17.833911 R FIFO 0x45 | 0xe1 | 0x00 | 0x0a | 0xff | 0xf2 | 0x00 | 0x08 | 0x00 | 0x12 | 0xff | 0xe5 | 0x03 | 0xfa | 0x2b | 0x00 | 0xfe
remote 17.873671 R FIFO 0x45 | 0xe1 | 0x00 | 0x0a | 0xff | 0xf2 | 0x00 | 0x08 | 0x00 | 0x13 | 0xff | 0xe5 | 0x03 | 0xf8 | 0x2b | 0x00 | 0xff
remote 17.913690 R FIFO 0x45 | 0xe1 | 0x00 | 0x0a | 0xff | 0xf2 | 0x00 | 0x08 | 0x00 | 0x15 | 0xff | 0xe6 | 0x03 | 0xf8 | 0x2b | 0x00 | 0xfc
remote 17.953744 R FIFO 0x45 | 0xe1 | 0x00 | 0x0a | 0xff | 0xf2 | 0x00 | 0x08 | 0x00 | 0x15 | 0xff | 0xe7 | 0x03 | 0xf8 | 0x2b | 0x00 | 0xfb
remote 17.993704 R FIFO 0x45 | 0xe1 | 0x00 | 0x0a | 0xff | 0xf2 | 0x00 | 0x08 | 0x00 | 0x14 | 0xff | 0xe7 | 0x03 | 0xf8 | 0x2b | 0x00 | 0xfc
remote 18.033708 R FIFO 0x45 | 0xe1 | 0x00 | 0x0a | 0xff | 0xf2 | 0x00 | 0x08 | 0x00 | 0x13 | 0xff | 0xe5 | 0x03 | 0xf8 | 0x2b | 0x00 | 0xff
remote 18.073736 R FIFO 0x45 | 0xe1 | 0x00 | 0x0a | 0xff | 0xf2 | 0x00 | 0x08 | 0x00 | 0x13 | 0xff | 0xe5 | 0x03 | 0xfa | 0x2b | 0x00 | 0xfd
remote 18.113709 R FIFO 0x45 | 0xe1 | 0x00 | 0x0a | 0xff | 0xf2 | 0x00 | 0x08 | 0x00 | 0x14 | 0xff | 0xe6 | 0x03 | 0xf8 | 0x2b | 0x00 | 0xfd
remote 18.153838 R FIFO 0x45 | 0xe1 | 0x00 | 0x0a | 0xff | 0xf2 | 0x00 | 0x08 | 0x00 | 0x15 | 0xff | 0xe7 | 0x03 | 0xf8 | 0x2b | 0x00 | 0xfb
remote 18.193762 R FIFO 0x45 | 0xe1 | 0x00 | 0x0a | 0xff | 0xf2 | 0x00 | 0x08 | 0x00 | 0x14 | 0xff | 0xe6 | 0x03 | 0xf8 | 0x2b | 0x00 | 0xfd
remote 18.233824 R FIFO 0x45 | 0xe1 | 0x00 | 0x0a | 0xff | 0xf2 | 0x00 | 0x08 | 0x00 | 0x15 | 0xff | 0xe6 | 0x03 | 0xf8 | 0x2b | 0x00 | 0xfc
remote 18.273836 R FIFO 0x45 | 0xe1 | 0x00 | 0x0a | 0xff | 0xf2 | 0x00 | 0x08 | 0x00 | 0x13 | 0xff | 0xe5 | 0x03 | 0xfb | 0x2b | 0x00 | 0xfc
remote 18.313820 R FIFO 0x45 | 0xe1 | 0x00 | 0x0a | 0xff | 0xf2 | 0x00 | 0x08 | 0x00 | 0x13 | 0xff | 0xe6 | 0x03 | 0xf6 | 0x2b | 0x00 | 0x00
remote 18.353827 R FIFO 0x45 | 0xe1 | 0x00 | 0x0a | 0xff | 0xf2 | 0x00 | 0x08 | 0x00 | 0x13 | 0xff | 0xe5 | 0x03 | 0xfa | 0x2b | 0x00 | 0xfd
remote 18.393904 R FIFO 0x45 | 0xe1 | 0x00 | 0x0a | 0xff | 0xf2 | 0x00 | 0x08 | 0x00 | 0x16 | 0xff | 0xe8 | 0x03 | 0xf6 | 0x2b | 0x00 | 0xfb
remote 18.433865 R FIFO 0x45 | 0xe1 | 0x00 | 0x0a | 0xff | 0xf2 | 0x00 | 0x08 | 0x00 | 0x15 | 0xff | 0xe7 | 0x03 | 0xf8 | 0x2b | 0x00 | 0xfb
remote 18.473909 R FIFO 0x45 | 0xe1 | 0x00 | 0x0a | 0xff | 0xf2 | 0x00 | 0x08 | 0x00 | 0x14 | 0xff | 0xe6 | 0x03 | 0xf9 | 0x2b | 0x00 | 0xfc
remote 18.513924 R FIFO 0x45 | 0xe1 | 0x00 | 0x0a | 0xff | 0xf2 | 0x00 | 0x08 | 0x00 | 0x12 | 0xff | 0xe5 | 0x03 | 0xfa | 0x2b | 0x00 | 0xfe
remote 18.553858 R FIFO 0x45 | 0xe1 | 0x00 | 0x0a | 0xff | 0xf2 | 0x00 | 0x08 | 0x00 | 0x14 | 0xff | 0xe5 | 0x03 | 0xf7 | 0x2b | 0x00 | 0xff
remote 18.593895 R FIFO 0x45 | 0xe1 | 0x00 | 0x0a | 0xff | 0xf2 | 0x00 | 0x08 | 0x00 | 0x14 | 0xff | 0xe7 | 0x03 | 0xf8 | 0x2b | 0x00 | 0xfc
remote 18.633925 R FIFO 0x45 | 0xe1 | 0x00 | 0x0a | 0xff | 0xf2 | 0x00 | 0x08 | 0x00 | 0x15 | 0xff | 0xe7 | 0x03 | 0xf5 | 0x2b | 0x00 | 0xfe
remote 18.673925 R FIFO 0x45 | 0xe1 | 0x00 | 0x0a | 0xff | 0xf2 | 0x00 | 0x08 | 0x00 | 0x16 | 0xff | 0xe7 | 0x03 | 0xf9 | 0x2e | 0x00 | 0xf6
remote 18.713923 R FIFO 0x45 | 0xe1 | 0x00 | 0x0a | 0xff | 0xf2 | 0x00 | 0x08 | 0x00 | 0x12 | 0xff | 0xe5 | 0x03 | 0xfa | 0x2e | 0x00 | 0xfb
remote 18.753949 R FIFO 0x45 | 0xe1 | 0x00 | 0x0a | 0xff | 0xf2 | 0x00 | 0x08 | 0x00 | 0x14 | 0xff | 0xe7 | 0x03 | 0xf7 | 0x2e | 0x00 | 0xfa
remote 18.794058 R FIFO 0x45 | 0xe1 | 0x00 | 0x0a | 0xff | 0xf2 | 0x00 | 0x08 | 0x00 | 0x13 | 0xff | 0xe6 | 0x03 | 0xfa | 0x2e | 0x00 | 0xf9
remote 18.834005 R FIFO 0x45 | 0xe1 | 0x00 | 0x0a | 0xff | 0xf2 | 0x00 | 0x08 | 0x00 | 0x15 | 0xff | 0xe8 | 0x03 | 0xf6 | 0x2e | 0x00 | 0xf9
remote 18.873937 R FIFO 0x45 | 0xe1 | 0x00 | 0x0a | 0xff | 0xf2 | 0x00 | 0x08 | 0x00 | 0x13 | 0xff | 0xe6 | 0x03 | 0xf9 | 0x2e | 0x00 | 0xfa
remote 18.914013 R FIFO 0x45 | 0xe1 | 0x00 | 0x0a | 0xff | 0xf2 | 0x00 | 0x08 | 0x00 | 0x16 | 0xff | 0xe7 | 0x03 | 0xf6 | 0x2e | 0x00 | 0xf9
remote 18.953990 R FIFO 0x45 | 0xe1 | 0x00 | 0x0a | 0xff | 0xf2 | 0x00 | 0x08 | 0x00 | 0x13 | 0xff | 0xe5 | 0x03 | 0xfb | 0x2e | 0x00 | 0xf9
remote 18.994067 R FIFO 0x45 | 0xe1 | 0x00 | 0x0a | 0xff | 0xf2 | 0x00 | 0x08 | 0x00 | 0x14 | 0xff | 0xe6 | 0x03 | 0xf5 | 0x2e | 0x00 | 0xfd
remote 19.034035 R FIFO 0x45 | 0xe1 | 0x00 | 0x0a | 0xff | 0xf2 | 0x00 | 0x08 | 0x00 | 0x13 | 0xff | 0xe5 | 0x03 | 0xfa | 0x2e | 0x00 | 0xfa
remote 19.074111 R FIFO 0x45 | 0xe1 | 0x00 | 0x0a | 0xff | 0xf2 | 0x00 | 0x08 | 0x00 | 0x15 | 0xff | 0xe7 | 0x03 | 0xf5 | 0x2e | 0x00 | 0xfb
remote 19.114092 R FIFO 0x45 | 0xe1 | 0x00 | 0x0a | 0xff | 0xf2 | 0x00 | 0x08 | 0x00 | 0x15 | 0xff | 0xe6 | 0x03 | 0xf9 | 0x2e | 0x00 | 0xf8
remote 19.154086 R FIFO 0x45 | 0xe1 | 0x00 | 0x0a | 0xff | 0xf2 | 0x00 | 0x08 | 0x00 | 0x13 | 0xff | 0xe6 | 0x03 | 0xf9 | 0x2e | 0x00 | 0xfa
remote 19.194045 R FIFO 0x45 | 0xe1 | 0x00 | 0x0a | 0xff | 0xf2 | 0x00 | 0x08 | 0x00 | 0x14 | 0xff | 0xe6 | 0x03 | 0xf8 | 0x2e | 0x00 | 0xfa
remote 19.234129 R FIFO 0x45 | 0xe1 | 0x00 | 0x0a | 0xff | 0xf2 | 0x00 | 0x08 | 0x00 | 0x13 | 0xff | 0xe6 | 0x03 | 0xf8 | 0x2e | 0x00 | 0xfb
remote 19.274181 R FIFO 0x45 | 0xe1 | 0x00 | 0x0a | 0xff | 0xf2 | 0x00 | 0x08 | 0x00 | 0x15 | 0xff | 0xe7 | 0x03 | 0xf6 | 0x2e | 0x00 | 0xfa
remote 19.314127 R FIFO 0x45 | 0xe1 | 0x00 | 0x0a | 0xff | 0xf2 | 0x00 | 0x08 | 0x00 | 0x15 | 0xff | 0xe7 | 0x03 | 0xf8 | 0x2e | 0x00 | 0xf8
remote 19.354152 R FIFO 0x45 | 0xe1 | 0x00 | 0x0a | 0xff | 0xf2 | 0x00 | 0x08 | 0x00 | 0x16 | 0xff | 0xe7 | 0x03 | 0xf6 | 0x2e | 0x00 | 0xf9
remote 19.394232 R FIFO 0x45 | 0xe1 | 0x00 | 0x0a | 0xff | 0xf2 | 0x00 | 0x08 | 0x00 | 0x13 | 0xff | 0xe5 | 0x03 | 0xfa | 0x2e | 0x00 | 0xfa
remote 19.434228 R FIFO 0x45 | 0xe1 | 0x00 | 0x0a | 0xff | 0xf2 | 0x00 | 0x08 | 0x00 | 0x14 | 0xff | 0xe7 | 0x03 | 0xf6 | 0x2e | 0x00 | 0xfb
remote 19.474218 R FIFO 0x45 | 0xe1 | 0x00 | 0x0a | 0xff | 0xf2 | 0x00 | 0x08 | 0x00 | 0x13 | 0xff | 0xe6 | 0x03 | 0xf9 | 0x2e | 0x00 | 0xfa
remote 19.514236 R FIFO 0x45 | 0xe1 | 0x00 | 0x0a | 0xff | 0xf2 | 0x00 | 0x08 | 0x00 | 0x16 | 0xff | 0xe7 | 0x03 | 0xf6 | 0x2e | 0x00 | 0xf9
remote 19.554178 R FIFO 0x45 | 0xe1 | 0x00 | 0x0a | 0xff | 0xf2 | 0x00 | 0x08 | 0x00 | 0x15 | 0xff | 0xe7 | 0x03 | 0xf8 | 0x2e | 0x00 | 0xf8
remote 19.594248 R FIFO 0x45 | 0xe1 | 0x00 | 0x0a | 0xff | 0xf2 | 0x00 | 0x08 | 0x00 | 0x16 | 0xff | 0xe6 | 0x03 | 0xf6 | 0x2e | 0x00 | 0xfa
remote 19.634599 R FIFO 0x45 | 0xe1 | 0x00 | 0x0a | 0xff | 0xf2 | 0x00 | 0x08 | 0x00 | 0x13 | 0xff | 0xe5 | 0x03 | 0xfa | 0x2e | 0x00 | 0xfa
remote 19.674286 R FIFO 0x45 | 0xe1 | 0x00 | 0x0a | 0xff | 0xf2 | 0x00 | 0x08 | 0x00 | 0x14 | 0xff | 0xe6 | 0x03 | 0xf7 | 0x2f | 0x00 | 0xfa
remote 19.714212 R FIFO 0x45 | 0xe1 | 0x00 | 0x0a | 0xff | 0xf2 | 0x00 | 0x08 | 0x00 | 0x15 | 0xff | 0xe7 | 0x03 | 0xf8 | 0x2f | 0x00 | 0xf7
remote 19.754277 R FIFO 0x45 | 0xe1 | 0x00 | 0x0a | 0xff | 0xf2 | 0x00 | 0x08 | 0x00 | 0x14 | 0xff | 0xe7 | 0x03 | 0xf6 | 0x2f | 0x00 | 0xfa
remote 19.795476 R FIFO 0x45 | 0xe1 | 0x00 | 0x0a | 0xff | 0xf2 | 0x00 | 0x08 | 0x00 | 0x15 | 0xff | 0xe6 | 0x03 | 0xf8 | 0x2f | 0x00 | 0xf8
remote 19.834650 R FIFO 0x45 | 0xe1 | 0x00 | 0x0b | 0xff | 0xf2 | 0x00 | 0x08 | 0x00 | 0x12 | 0xff | 0xe5 | 0x03 | 0xfb | 0x2f | 0x00 | 0xf8
remote 19.874682 R FIFO 0x45 | 0xe1 | 0x00 | 0x0b | 0xff | 0xf2 | 0x00 | 0x08 | 0x00 | 0x13 | 0xff | 0xe5 | 0x03 | 0xf7 | 0x2f | 0x00 | 0xfb
remote 19.914612 R FIFO 0x45 | 0xe1 | 0x00 | 0x0b | 0xff | 0xf2 | 0x00 | 0x08 | 0x00 | 0x13 | 0xff | 0xe6 | 0x03 | 0xf9 | 0x2f | 0x00 | 0xf8
remote 19.954640 R FIFO 0x45 | 0xe1 | 0x00 | 0x0b | 0xff | 0xf2 | 0x00 | 0x08 | 0x00 | 0x15 | 0xff | 0xe7 | 0x03 | 0xf6 | 0x2f | 0x00 | 0xf8
remote 19.995541 R FIFO 0x45 | 0xe1 | 0x00 | 0x0b | 0xff | 0xf2 | 0x00 | 0x08 | 0x00 | 0x14 | 0xff | 0xe6 | 0x03 | 0xf8 | 0x2f | 0x00 | 0xf8
